pitches,player_id,player_name,total_pitches,pitch_percent,ba,iso,babip,slg,woba,xwoba,xba,hits,abs,launch_speed,launch_angle,spin_rate,velocity,effective_speed,whiffs,swings,takes,eff_min_vel,release_extension,pos3_int_start_distance,pos4_int_start_distance,pos5_int_start_distance,pos6_int_start_distance,pos7_int_start_distance,pos8_int_start_distance,pos9_int_start_distance
1146,608070,"Ramírez, José",1146,100,0.292,0.315,0.294,0.607,0.415,0.372,0.263,64,219,88.5,22.9,2249,87.7,87.84,79,475,671,0.1,6.29,112,154,119,150,296,324,294
1123,467793,"Santana, Carlos",1123,100,0.199,0.15,0.212,0.35,0.316,0.368,0.25,41,206,87.9,12.2,2265,87.7,87.72,84,408,715,0,6.31,113,159,127,150,297,326,297
1118,596019,"Lindor, Francisco",1118,100,0.258,0.157,0.28,0.415,0.324,0.345,0.278,61,236,89.4,12.7,2246,88.1,88.23,111,547,571,0.1,6.27,113,152,114,150,294,323,294
1112,624415,"Biggio, Cavan",1112,100,0.25,0.182,0.311,0.432,0.355,0.315,0.214,55,220,86.9,15.8,2221,88.9,88.7,93,404,708,-0.2,6.29,115,163,117,151,287,320,296
1100,571970,"Muncy, Max",1100,100,0.192,0.197,0.203,0.389,0.316,0.364,0.233,39,203,88.5,14.2,2286,88.1,86.57,108,403,697,-1.5,6.18,116,161,133,152,297,328,308
1100,592885,"Yelich, Christian",1100,100,0.205,0.225,0.259,0.43,0.343,0.375,0.248,41,200,94,7.1,2311,87.7,87.85,128,381,719,0.1,6.36,116,154,128,153,299,324,303
1076,514917,"Hernandez, Cesar",1076,100,0.283,0.124,0.364,0.408,0.335,0.33,0.273,66,233,87.3,4.3,2254,88.9,89.1,92,469,607,0.2,6.3,109,147,103,149,287,318,288
1074,542303,"Ozuna, Marcell",1074,100,0.338,0.298,0.391,0.636,0.444,0.435,0.312,77,228,93,16.4,2202,88.5,88.84,156,497,577,0.3,6.52,105,150,120,145,308,324,293
1063,592192,"Canha, Mark",1063,100,0.246,0.162,0.307,0.408,0.351,0.356,0.238,47,191,89.7,19.4,2283,88.1,87.61,97,404,659,-0.5,6.22,107,152,120,145,300,324,294
1060,621020,"Swanson, Dansby",1060,100,0.274,0.19,0.35,0.464,0.348,0.352,0.266,65,237,88.7,14.8,2232,88.4,88.73,158,500,560,0.3,6.5,105,151,115,145,306,319,288
1048,663757,"Grisham, Trent",1048,100,0.251,0.205,0.31,0.456,0.349,0.367,0.264,54,215,85.5,12.3,2249,89.8,89.64,97,401,647,-0.2,6.22,115,153,111,152,294,325,304
1036,596115,"Story, Trevor",1036,100,0.289,0.23,0.354,0.519,0.37,0.333,0.252,68,235,90,20.8,2292,89.4,89.51,122,475,561,0.1,6.22,105,151,119,145,310,332,301
1033,607208,"Turner, Trea",1033,100,0.335,0.253,0.353,0.588,0.413,0.379,0.299,78,233,90.5,9.5,2227,88.7,88.93,95,484,549,0.2,6.41,105,150,112,145,302,319,290
1027,547989,"Abreu, José",1027,100,0.317,0.3,0.35,0.617,0.411,0.398,0.299,76,240,92.9,10.9,2324,88.5,88.59,150,498,529,0.1,6.33,106,152,120,146,303,330,297
1023,545361,"Trout, Mike",1023,100,0.281,0.322,0.3,0.603,0.407,0.422,0.286,56,199,93.7,23.1,2279,89.3,88.86,73,375,648,-0.4,6.16,106,152,122,146,310,330,299
1021,518692,"Freeman, Freddie",1021,100,0.341,0.299,0.366,0.64,0.456,0.462,0.338,73,214,92.4,17.2,2174,88.7,88.96,99,492,529,0.3,6.44,116,160,140,148,297,323,301
1002,621566,"Olson, Matt",1002,100,0.195,0.229,0.227,0.424,0.316,0.336,0.221,41,210,91.4,19,2284,88.6,88.07,149,428,574,-0.5,6.19,116,166,126,151,299,326,302
999,553993,"Suárez, Eugenio",999,100,0.202,0.268,0.214,0.47,0.332,0.341,0.216,40,198,89.1,17.9,2322,88,88.28,132,417,582,0.3,6.38,106,151,118,143,299,326,296
996,593160,"Merrifield, Whit",996,100,0.282,0.157,0.295,0.44,0.329,0.336,0.292,70,248,85.6,15.3,2274,87.7,87.87,79,491,505,0.2,6.22,105,150,106,147,305,321,288
990,669374,"Hiura, Keston",990,100,0.212,0.198,0.273,0.41,0.304,0.316,0.209,46,217,87.4,14.3,2307,88.3,88.54,212,496,494,0.2,6.35,107,151,119,147,305,322,293
988,665487,"Tatis Jr., Fernando",988,100,0.277,0.295,0.306,0.571,0.392,0.419,0.296,62,224,95.9,8.8,2235,89.3,89.13,130,464,524,-0.2,6.25,106,152,116,145,305,329,300
985,519203,"Rizzo, Anthony",985,100,0.222,0.192,0.218,0.414,0.326,0.353,0.265,45,203,87.2,16,2324,89,89.34,81,419,566,0.3,6.45,115,160,125,151,293,325,305
984,543760,"Semien, Marcus",984,100,0.223,0.152,0.26,0.374,0.299,0.281,0.203,47,211,86.2,19.3,2274,88.4,88.02,101,434,549,-0.4,6.18,107,152,116,145,301,322,289
982,641786,"Lewis, Kyle",982,100,0.262,0.175,0.341,0.437,0.349,0.343,0.238,54,206,88.3,11.1,2276,89,88.65,154,424,558,-0.4,6.14,108,151,119,147,304,321,294
982,614177,"Reyes, Franmil",982,100,0.275,0.175,0.355,0.45,0.341,0.34,0.245,58,211,92.4,11.2,2308,88.2,88.37,174,452,530,0.2,6.33,106,151,123,146,303,328,297
981,660162,"Moncada, Yoán",981,100,0.225,0.16,0.315,0.385,0.309,0.288,0.206,45,200,87.4,13.2,2274,88.4,88.53,129,423,558,0.1,6.32,112,155,120,149,295,326,301
980,646240,"Devers, Rafael",980,100,0.263,0.22,0.325,0.483,0.337,0.327,0.255,61,232,93,10.6,2218,88.6,88.68,170,539,441,0.1,6.37,112,152,124,149,285,322,304
978,607043,"Nimmo, Brandon",978,100,0.28,0.204,0.326,0.484,0.386,0.356,0.247,52,186,86.8,7.4,2181,88.3,87.72,88,407,571,-0.6,6.34,115,149,113,149,290,321,300
978,502671,"Goldschmidt, Paul",978,100,0.304,0.162,0.364,0.466,0.387,0.396,0.285,58,191,89.2,11.7,2347,88.6,88.9,94,397,581,0.3,6.41,106,152,121,146,307,328,301
974,457705,"McCutchen, Andrew",974,100,0.253,0.18,0.281,0.433,0.327,0.355,0.273,55,217,89.8,18.2,2247,88.4,88.4,87,395,579,0,6.3,106,152,119,146,303,322,287
973,547180,"Harper, Bryce",973,100,0.268,0.274,0.279,0.542,0.4,0.453,0.308,51,190,90.3,14,2215,88.6,88.66,128,447,526,0.1,6.34,114,154,130,147,296,325,298
967,593428,"Bogaerts, Xander",967,100,0.3,0.202,0.329,0.502,0.368,0.339,0.257,61,203,89,8.7,2225,88.4,88.51,97,422,545,0.1,6.44,106,151,120,148,295,322,294
967,641355,"Bellinger, Cody",967,100,0.239,0.216,0.245,0.455,0.34,0.372,0.28,51,213,89,16.3,2274,89,88,107,460,507,-1,6.18,116,153,132,151,300,329,308
966,592206,"Castellanos, Nick",966,100,0.225,0.261,0.257,0.486,0.329,0.372,0.272,49,218,91,16.5,2349,87.7,87.94,171,500,466,0.2,6.38,105,150,118,143,301,327,295
963,572122,"Seager, Kyle",963,100,0.241,0.192,0.24,0.433,0.338,0.365,0.252,49,203,89.1,17.7,2260,88.2,87.9,79,388,575,-0.3,6.16,114,162,123,153,293,323,302
962,572233,"Walker, Christian",962,100,0.271,0.188,0.317,0.459,0.341,0.339,0.264,59,218,90.4,11.5,2295,89.4,89.09,135,498,464,-0.3,6.22,109,152,120,145,308,327,297
956,608336,"Gallo, Joey",956,100,0.181,0.197,0.24,0.378,0.297,0.313,0.19,35,193,89,24.5,2250,88.1,87.75,156,417,539,-0.3,6.13,120,168,132,154,308,332,305
955,656941,"Schwarber, Kyle",955,100,0.188,0.204,0.219,0.393,0.307,0.335,0.22,36,191,92.4,8.5,2335,88.4,88.84,115,410,545,0.4,6.46,117,161,124,152,297,325,307
951,605204,"Davis, J.D.",951,100,0.247,0.142,0.318,0.389,0.342,0.361,0.256,47,190,90.1,3.3,2215,88.6,88.76,125,427,524,0.2,6.37,103,150,120,146,305,325,292
944,596748,"Franco, Maikel",944,100,0.278,0.179,0.298,0.457,0.329,0.304,0.254,62,223,86.7,8.5,2294,87.3,87.51,116,471,473,0.2,6.27,106,151,121,146,305,328,298
943,516782,"Marte, Starling",943,100,0.281,0.149,0.319,0.43,0.333,0.322,0.262,64,228,85.7,5.4,2226,88.8,88.62,125,497,446,-0.2,6.36,107,151,112,146,308,326,295
941,664023,"Happ, Ian",941,100,0.258,0.247,0.317,0.505,0.369,0.358,0.258,51,198,90.5,9.1,2287,88.4,88.49,146,409,532,0.1,6.41,114,153,121,152,295,323,299
940,600303,"La Stella, Tommy",940,100,0.281,0.168,0.276,0.449,0.355,0.347,0.273,55,196,87.8,16.7,2260,88.8,88.46,40,358,582,-0.3,6.17,116,156,114,153,290,320,302
940,573262,"Yastrzemski, Mike",940,100,0.297,0.271,0.37,0.568,0.407,0.367,0.254,57,192,88.2,18.3,2255,89.1,88.15,91,368,572,-1,6.18,116,153,114,153,294,324,305
936,592518,"Machado, Manny",936,100,0.304,0.277,0.297,0.58,0.391,0.384,0.302,68,224,90.2,15.6,2279,89.5,89.42,95,437,499,-0.1,6.24,109,152,121,146,305,328,299
935,641487,"Crawford, J.P.",935,100,0.255,0.083,0.303,0.338,0.302,0.315,0.254,52,204,85.6,11.2,2228,89.2,88.87,70,384,551,-0.3,6.18,118,150,109,152,286,316,299
932,624424,"Conforto, Michael",932,100,0.322,0.193,0.412,0.515,0.401,0.375,0.284,65,202,88.4,11,2227,87.9,87.8,107,412,520,-0.1,6.35,111,153,122,149,295,325,300
930,605141,"Betts, Mookie",930,100,0.292,0.269,0.289,0.562,0.39,0.359,0.281,64,219,90.7,18.5,2286,89,87.92,52,377,553,-1.1,6.17,107,152,119,145,304,329,302
929,624413,"Alonso, Pete",929,100,0.231,0.26,0.242,0.49,0.345,0.332,0.222,48,208,90.2,15.5,2274,88,88.17,130,428,501,0.2,6.35,104,152,121,146,305,327,296
923,458015,"Votto, Joey",923,100,0.226,0.22,0.235,0.446,0.347,0.369,0.253,42,186,87.4,15.4,2287,88.4,88.68,75,334,589,0.3,6.4,115,160,128,150,288,321,302
923,657077,"Verdugo, Alex",923,100,0.308,0.169,0.371,0.478,0.362,0.298,0.238,62,201,87,5.9,2184,89,89.08,74,395,528,0.1,6.37,116,150,122,149,284,320,302
918,543305,"Hicks, Aaron",918,100,0.225,0.189,0.256,0.414,0.351,0.372,0.254,38,169,87.9,10.6,2172,88.4,88.35,101,362,556,0,6.35,112,159,123,147,297,321,293
910,572228,"Voit, Luke",910,100,0.277,0.333,0.268,0.61,0.393,0.388,0.279,59,213,88.9,15.2,2230,87.9,87.86,131,474,436,0,6.39,106,153,120,144,306,323,288
909,595879,"Báez, Javier",909,100,0.203,0.158,0.262,0.36,0.256,0.274,0.214,45,222,88.7,9.7,2365,87.9,88.07,183,484,425,0.2,6.47,105,150,116,145,302,326,298
909,408234,"Cabrera, Miguel",909,100,0.25,0.167,0.283,0.417,0.323,0.375,0.285,51,204,93.2,12.1,2321,88.2,88.1,137,434,475,-0.1,6.31,108,157,126,151,305,329,293
907,665489,"Guerrero Jr., Vladimir",907,100,0.262,0.199,0.282,0.462,0.338,0.331,0.26,58,221,92.5,4.6,2238,88.7,88.73,107,434,473,0,6.31,107,152,121,147,303,324,292
906,664058,"Fletcher, David",906,100,0.319,0.106,0.348,0.425,0.35,0.316,0.292,66,207,84.5,3.7,2260,89.2,88.96,29,337,569,-0.2,6.16,107,151,110,146,299,315,283
906,453568,"Blackmon, Charlie",906,100,0.303,0.145,0.347,0.448,0.34,0.328,0.274,67,221,86.2,12.2,2278,89.4,89.68,106,455,451,0.3,6.23,114,159,122,150,299,330,308
902,544369,"Gregorius, Didi",902,100,0.284,0.205,0.285,0.488,0.348,0.31,0.262,61,215,83.4,17.4,2181,88.7,88.69,91,483,419,0,6.3,115,152,124,147,291,322,291
901,594777,"Calhoun, Kole",901,100,0.226,0.3,0.211,0.526,0.362,0.373,0.258,43,190,89.4,17,2273,89.5,89.23,138,422,479,-0.3,6.22,116,159,130,150,297,326,305
901,593871,"Polanco, Jorge",901,100,0.258,0.096,0.292,0.354,0.289,0.304,0.263,54,209,86,15.5,2259,87.9,87.9,66,394,507,0,6.35,112,148,105,149,294,324,296
898,502110,"Martinez, J.D.",898,100,0.213,0.175,0.259,0.389,0.293,0.319,0.228,45,211,89.5,14.6,2235,89,88.97,131,466,432,0,6.43,105,151,121,147,300,325,295
895,669256,"Solak, Nick",895,100,0.268,0.077,0.32,0.344,0.297,0.318,0.264,56,209,89.6,9.3,2265,88.1,87.85,75,392,503,-0.3,6.16,108,151,117,147,306,326,293
895,657656,"Laureano, Ramón",895,100,0.213,0.153,0.27,0.366,0.315,0.342,0.235,39,183,87.7,12.3,2291,88.1,87.57,90,360,535,-0.5,6.17,106,151,116,145,302,322,290
893,600524,"Núñez, Renato",893,100,0.256,0.236,0.317,0.492,0.347,0.315,0.227,50,195,86.3,21.1,2240,88.1,87.86,140,465,428,-0.2,6.48,105,150,120,145,297,323,288
892,527038,"Flores, Wilmer",892,100,0.268,0.247,0.272,0.515,0.347,0.312,0.249,53,198,87.9,19,2276,88.8,87.84,76,428,464,-1,6.19,109,152,121,147,301,324,294
889,543685,"Rendon, Anthony",889,100,0.286,0.212,0.302,0.497,0.395,0.388,0.286,54,189,90.1,19.5,2274,88.9,88.45,53,360,529,-0.4,6.12,106,152,121,147,309,326,295
888,605119,"Anderson, Brian",888,100,0.255,0.21,0.323,0.465,0.348,0.324,0.227,51,200,87.5,9.6,2205,88.8,89.03,150,436,452,0.2,6.48,107,152,120,147,307,323,290
885,624428,"Frazier, Adam",885,100,0.23,0.134,0.246,0.364,0.291,0.307,0.25,48,209,85.1,11.5,2282,88.3,88.45,67,409,476,0.2,6.41,114,151,109,151,287,315,295
882,542583,"Aguilar, Jesús",882,100,0.277,0.181,0.306,0.457,0.347,0.345,0.271,52,188,89.3,15.9,2221,88.9,89.12,93,417,463,0.2,6.51,108,151,122,147,309,325,293
882,673357,"Robert, Luis",882,100,0.233,0.203,0.3,0.436,0.316,0.325,0.223,47,202,87.9,16.7,2349,88.2,88.11,211,508,374,-0.1,6.35,105,151,118,145,302,329,299
882,664040,"Lowe, Brandon",882,100,0.269,0.285,0.309,0.554,0.385,0.382,0.26,52,193,89.8,18.1,2194,87.7,87.69,148,414,468,0,6.43,114,154,123,147,291,324,301
876,660670,"Acuña Jr., Ronald",876,100,0.25,0.331,0.302,0.581,0.417,0.425,0.257,40,160,92.4,18.6,2251,89.4,89.83,106,355,521,0.4,6.54,105,151,119,145,312,323,295
876,669242,"Edman, Tommy",876,100,0.25,0.118,0.301,0.368,0.302,0.313,0.265,51,204,86.3,7.8,2300,88.2,88.51,71,374,502,0.3,6.41,112,149,108,151,291,320,300
871,575929,"Contreras, Willson",871,100,0.243,0.164,0.307,0.407,0.339,0.356,0.249,46,189,89.3,8.8,2358,89.2,89.66,140,417,454,0.5,6.54,106,151,117,146,301,325,297
870,621043,"Correa, Carlos",870,100,0.264,0.119,0.324,0.383,0.308,0.313,0.253,53,201,88.6,11.4,2276,88.4,88.17,100,410,460,-0.2,6.28,107,151,120,146,302,328,294
869,593934,"Sanó, Miguel",869,100,0.204,0.274,0.301,0.478,0.317,0.324,0.214,38,186,95.2,20.2,2299,88.1,88.3,175,411,458,0.2,6.32,106,152,123,145,306,333,303
863,668804,"Reynolds, Bryan",863,100,0.189,0.168,0.231,0.357,0.278,0.312,0.227,35,185,87.5,10.2,2255,87.6,87.72,112,404,459,0.1,6.37,114,153,119,150,297,320,294
862,663656,"Tucker, Kyle",862,100,0.268,0.244,0.303,0.512,0.349,0.331,0.265,56,209,90.8,14.5,2227,88.3,88.13,98,435,427,-0.2,6.27,116,159,121,153,293,327,304
861,572816,"Dickerson, Corey",861,100,0.258,0.144,0.283,0.402,0.308,0.307,0.252,50,194,85.7,11.1,2156,89.8,90.09,118,460,401,0.3,6.5,113,150,118,149,290,321,301
860,518735,"Grandal, Yasmani",860,100,0.23,0.193,0.299,0.422,0.338,0.327,0.207,37,161,90.3,15.7,2254,88.1,88.34,90,293,567,0.2,6.34,113,162,127,150,298,329,303
858,621035,"Taylor, Chris",858,100,0.27,0.205,0.344,0.476,0.364,0.37,0.27,50,185,86,8.4,2293,88.4,86.35,125,385,473,-2.1,6.21,108,151,114,147,305,325,299
857,605137,"Bell, Josh",857,100,0.226,0.138,0.273,0.364,0.286,0.297,0.228,44,195,91.7,5.9,2283,87.9,87.69,132,393,464,-0.2,6.37,114,162,132,151,303,325,301
855,545341,"Grichuk, Randal",855,100,0.273,0.208,0.299,0.481,0.337,0.333,0.266,59,216,88.9,12.6,2252,87.9,87.93,102,442,413,0,6.28,106,152,119,145,298,323,291
849,452678,"Cabrera, Asdrúbal",849,100,0.242,0.205,0.26,0.447,0.319,0.316,0.242,46,190,89.1,13.5,2194,88.4,88.68,80,391,458,0.3,6.44,111,158,124,148,295,321,298
849,543939,"Wong, Kolten",849,100,0.265,0.061,0.311,0.326,0.304,0.291,0.241,48,181,84.8,8.8,2314,88.7,88.74,59,373,476,0,6.39,115,151,103,151,290,318,301
847,609275,"Mondesi, Adalberto",847,100,0.256,0.16,0.35,0.416,0.305,0.266,0.213,56,219,85.4,12.9,2205,87.5,87.64,184,462,385,0.1,6.25,102,145,100,147,297,322,294
847,660294,"Tsutsugo, Yoshi",847,100,0.197,0.197,0.23,0.395,0.309,0.325,0.211,31,157,90.2,17.2,2192,88.9,88.89,78,336,511,0,6.47,114,150,126,148,290,324,301
846,443558,"Cruz, Nelson",846,100,0.303,0.292,0.36,0.595,0.411,0.377,0.265,56,185,91.6,9.4,2321,88.4,88.69,138,403,443,0.3,6.36,106,153,123,146,307,332,302
844,600869,"Candelario, Jeimer",844,100,0.297,0.205,0.372,0.503,0.373,0.353,0.275,55,185,89.8,12.7,2258,87.5,87.33,105,380,464,-0.2,6.32,112,154,124,151,297,326,296
843,571976,"Myers, Wil",843,100,0.288,0.318,0.331,0.606,0.4,0.392,0.282,57,198,90.6,13,2252,88.4,88.29,93,359,484,-0.1,6.21,110,153,119,146,302,327,302
841,641857,"McMahon, Ryan",841,100,0.215,0.203,0.286,0.419,0.311,0.297,0.201,37,172,90.1,9.2,2268,89.4,89.64,125,398,443,0.2,6.24,113,157,124,150,299,331,311
840,606192,"Hernández, Teoscar",840,100,0.289,0.289,0.348,0.579,0.384,0.398,0.294,55,190,93.3,15.3,2246,88.1,88.06,136,390,450,0,6.31,104,151,119,144,300,323,292
837,595777,"Profar, Jurickson",837,100,0.278,0.15,0.293,0.428,0.335,0.334,0.279,50,180,86.8,11,2240,88.9,88.88,79,394,443,0,6.24,110,153,116,150,296,323,297
836,598265,"Bradley Jr., Jackie",836,100,0.283,0.168,0.343,0.45,0.352,0.305,0.226,54,191,88,4.2,2169,88.4,88.46,98,379,457,0.1,6.33,114,149,119,146,283,321,304
836,502210,"Reddick, Josh",836,100,0.245,0.133,0.294,0.378,0.304,0.301,0.245,46,188,85.9,19.1,2240,89,88.67,88,389,447,-0.3,6.28,116,159,119,152,290,325,301
832,605113,"Ahmed, Nick",832,100,0.266,0.136,0.324,0.402,0.318,0.302,0.244,53,199,87.4,9.1,2272,89.1,88.87,110,401,431,-0.2,6.26,108,152,115,146,304,324,295
832,666971,"Gurriel Jr., Lourdes",832,100,0.308,0.226,0.351,0.534,0.372,0.345,0.28,64,208,90.8,10.5,2272,88.4,88.27,112,426,406,-0.1,6.3,108,151,119,146,300,322,290
829,607680,"Pillar, Kevin",829,100,0.288,0.173,0.335,0.462,0.341,0.323,0.268,60,208,86.8,13.6,2217,88.3,88.41,109,430,399,0.1,6.27,104,151,115,145,298,322,290
829,518934,"LeMahieu, DJ",829,100,0.364,0.226,0.37,0.59,0.428,0.361,0.308,71,195,91.3,2.3,2196,89.4,89.48,41,366,463,0.1,6.35,109,153,121,149,310,318,281
828,657108,"White, Evan",828,100,0.176,0.17,0.264,0.346,0.261,0.29,0.189,32,182,91.1,13.7,2307,89.1,88.76,138,363,465,-0.3,6.15,108,152,120,147,300,321,292
828,592696,"Rosario, Eddie",828,100,0.257,0.219,0.248,0.476,0.333,0.316,0.244,54,210,86.9,17.4,2251,88.4,88.36,97,430,398,0,6.3,115,152,117,151,297,327,302
827,665742,"Soto, Juan",827,100,0.351,0.344,0.363,0.695,0.478,0.474,0.332,54,154,92.1,4.2,2155,88.8,89.01,64,299,528,0.2,6.4,113,150,120,151,297,324,309
826,642715,"Adames, Willy",826,100,0.259,0.222,0.388,0.481,0.347,0.305,0.228,48,185,88.8,12.5,2237,88.2,88.36,148,382,444,0.2,6.45,105,151,116,146,305,321,287
822,444482,"Peralta, David",822,100,0.3,0.133,0.361,0.433,0.333,0.295,0.257,61,203,89.2,6.4,2288,89.4,88.94,81,383,439,-0.5,6.17,117,156,126,151,294,325,308
821,673451,"Akiyama, Shogo",821,100,0.245,0.052,0.314,0.297,0.304,0.313,0.243,38,155,85.1,2.9,2312,88.6,88.82,67,350,471,0.2,6.36,113,145,108,149,282,315,298
821,516416,"Segura, Jean",821,100,0.266,0.156,0.314,0.422,0.333,0.318,0.25,51,192,86.8,11.4,2235,88.4,88.36,85,384,437,0,6.27,106,151,115,148,303,321,283
821,543807,"Springer, George",821,100,0.265,0.275,0.259,0.54,0.379,0.4,0.29,50,189,88.7,18.3,2264,89.1,88.58,99,392,429,-0.5,6.27,107,152,120,146,305,329,297
811,500871,"Escobar, Eduardo",811,100,0.212,0.123,0.244,0.335,0.257,0.305,0.261,43,203,88.6,18.1,2247,89.7,89.4,90,417,394,-0.3,6.19,114,156,125,148,297,325,299
810,622682,"Reyes, Victor",810,100,0.277,0.114,0.34,0.391,0.31,0.331,0.286,56,202,89.4,10.2,2266,88.2,88.33,116,439,371,0.1,6.33,111,152,110,151,295,326,298
809,592567,"Moran, Colin",809,100,0.247,0.225,0.291,0.472,0.34,0.348,0.252,44,178,91.5,8,2268,88.3,88.45,113,404,405,0.1,6.34,117,162,127,153,297,323,299
809,518792,"Heyward, Jason",809,100,0.265,0.19,0.311,0.456,0.372,0.385,0.287,39,147,87.6,11.3,2299,88.3,88.55,70,299,510,0.2,6.46,115,154,123,151,293,323,305
807,608369,"Seager, Corey",807,100,0.307,0.278,0.309,0.585,0.394,0.427,0.326,65,212,93.2,11.9,2251,88.7,87.81,116,449,358,-0.9,6.13,116,157,136,152,299,327,308
805,542340,"Villar, Jonathan",805,100,0.232,0.059,0.313,0.292,0.266,0.255,0.211,43,185,85.7,2.5,2177,88.8,88.9,133,415,390,0.1,6.45,110,147,107,148,291,318,294
805,650391,"Jiménez, Eloy",805,100,0.296,0.263,0.34,0.559,0.373,0.368,0.282,63,213,92.4,5.7,2285,87.4,87.62,128,438,367,0.2,6.31,105,152,120,145,305,331,299
805,606132,"Tapia, Raimel",805,100,0.321,0.082,0.392,0.402,0.338,0.29,0.251,59,184,85,1.4,2303,89.9,89.93,77,411,394,0,6.21,113,150,108,151,293,327,308
804,643446,"McNeil, Jeff",804,100,0.311,0.142,0.335,0.454,0.359,0.335,0.276,57,183,86.6,11.5,2162,88,87.84,80,458,346,-0.2,6.4,113,146,114,148,288,319,296
802,503556,"Gonzalez, Marwin",802,100,0.211,0.109,0.241,0.32,0.269,0.314,0.24,37,175,88.8,12.3,2295,87.2,87.3,81,345,457,0.1,6.29,112,153,116,149,296,324,298
799,643396,"Kiner-Falefa, Isiah",799,100,0.28,0.09,0.316,0.37,0.307,0.294,0.26,59,211,87,0.8,2288,88.3,88.05,60,379,420,-0.2,6.14,110,151,117,147,303,323,288
798,594807,"Duvall, Adam",798,100,0.237,0.295,0.24,0.532,0.348,0.34,0.227,45,190,88.1,22.9,2223,87.8,88.01,106,391,407,0.2,6.42,106,151,120,144,305,324,294
794,446334,"Longoria, Evan",794,100,0.254,0.171,0.28,0.425,0.308,0.362,0.28,49,193,91.7,10.7,2334,88.7,87.56,75,357,437,-1.1,6.16,109,152,122,146,303,326,298
791,429665,"Encarnación, Edwin",791,100,0.157,0.22,0.156,0.377,0.272,0.277,0.161,25,159,85.4,22.8,2341,87.8,87.7,118,362,429,-0.1,6.35,105,152,120,144,302,330,300
789,493329,"Gurriel, Yuli",789,100,0.232,0.152,0.235,0.384,0.281,0.315,0.262,49,211,89.3,13.9,2270,89.1,88.82,60,385,404,-0.3,6.33,106,151,121,146,298,327,296
788,547004,"Ruiz, Rio",788,100,0.222,0.205,0.244,0.427,0.303,0.276,0.211,41,185,87.6,10.1,2209,88.5,88.66,112,410,378,0.2,6.4,115,154,125,147,288,320,298
786,641313,"Anderson, Tim",786,100,0.322,0.207,0.383,0.529,0.376,0.357,0.291,67,208,87.2,6.7,2311,88,87.96,134,434,352,0,6.3,105,151,114,146,300,325,287
783,608385,"Winker, Jesse",783,100,0.255,0.289,0.283,0.544,0.396,0.395,0.263,38,149,92.1,10.4,2321,87.9,88.13,91,315,468,0.2,6.37,116,159,128,152,292,326,303
779,543877,"Vázquez, Christian",779,100,0.283,0.173,0.341,0.457,0.345,0.284,0.221,49,173,88.4,14.3,2224,89.2,89.36,85,371,408,0.2,6.42,106,150,119,148,295,317,287
775,592348,"Goodrum, Niko",775,100,0.184,0.152,0.276,0.335,0.262,0.265,0.183,29,158,88.8,15.9,2266,87.9,87.98,133,345,430,0.1,6.29,114,153,118,153,295,326,295
774,596142,"Sánchez, Gary",774,100,0.147,0.218,0.159,0.365,0.271,0.312,0.191,23,156,91.8,19.1,2242,88.3,88.43,115,338,436,0.1,6.38,106,152,122,146,304,325,289
773,663586,"Riley, Austin",773,100,0.239,0.176,0.28,0.415,0.307,0.333,0.257,45,188,91,13.5,2215,87.9,88.26,126,419,354,0.4,6.48,105,151,120,145,305,323,293
772,641658,"Hampson, Garrett",772,100,0.234,0.15,0.33,0.383,0.29,0.295,0.229,39,167,79.6,10,2280,89.7,89.85,97,334,438,0.1,6.28,106,150,105,146,304,326,292
770,596146,"Kepler, Max",770,100,0.228,0.211,0.236,0.439,0.332,0.342,0.256,39,171,88.5,21.9,2261,88.3,88.52,73,345,425,0.2,6.35,116,156,123,151,297,327,302
769,656555,"Hoskins, Rhys",769,100,0.245,0.258,0.276,0.503,0.382,0.379,0.235,37,151,89.8,24.8,2277,88.5,88.52,85,319,450,0,6.25,105,154,122,145,301,326,291
762,514888,"Altuve, Jose",762,100,0.219,0.125,0.25,0.344,0.278,0.286,0.229,42,192,85.2,8.2,2250,88.5,88.19,77,381,381,-0.3,6.33,106,152,110,145,297,326,293
760,593643,"Alberto, Hanser",760,100,0.283,0.11,0.314,0.393,0.301,0.259,0.244,62,219,80.1,12,2253,88.5,88.74,80,478,282,0.2,6.46,105,150,108,145,295,317,281
757,642086,"Smith, Dominic",757,100,0.316,0.299,0.368,0.616,0.412,0.39,0.301,56,177,89.8,10.8,2217,88.5,88.68,102,393,364,0.2,6.41,114,152,122,149,291,322,300
756,645302,"Robles, Victor",756,100,0.22,0.095,0.298,0.315,0.272,0.262,0.205,37,168,80.1,18,2237,88.7,88.92,103,380,376,0.2,6.41,101,149,107,144,298,318,291
755,570256,"Polanco, Gregory",755,100,0.153,0.172,0.193,0.325,0.232,0.301,0.223,24,157,92.9,20.7,2298,88.2,88.36,166,388,367,0.2,6.32,118,162,131,154,298,326,301
754,630105,"Cronenworth, Jake",754,100,0.285,0.192,0.324,0.477,0.356,0.396,0.321,49,172,89.8,10.6,2239,89.3,89.11,50,300,454,-0.2,6.15,114,154,113,151,287,323,306
751,543257,"Grossman, Robbie",751,100,0.241,0.241,0.267,0.482,0.351,0.326,0.239,40,166,89,15.2,2283,88.8,88.44,60,326,425,-0.4,6.21,115,152,112,150,290,320,300
749,670032,"Lopez, Nicky",749,100,0.201,0.065,0.26,0.266,0.254,0.287,0.238,34,169,82.8,1,2221,88.4,88.41,70,334,415,0,6.23,106,145,99,149,282,315,297
746,456781,"Solano, Donovan",746,100,0.326,0.137,0.396,0.463,0.357,0.321,0.28,62,190,88.5,15.5,2250,89,87.49,85,387,359,-1.5,6.23,109,151,119,148,302,320,291
746,572041,"Pollock, AJ",746,100,0.276,0.291,0.277,0.566,0.364,0.346,0.271,54,196,89.6,13,2257,88.3,85.62,87,356,390,-2.7,6.17,108,151,118,145,305,327,302
742,592663,"Realmuto, J.T.",742,100,0.266,0.225,0.307,0.491,0.361,0.356,0.246,46,173,90.2,11.6,2254,88.1,88.01,100,336,406,-0.1,6.31,105,150,121,145,303,325,290
741,600474,"Severino, Pedro",741,100,0.25,0.138,0.304,0.388,0.312,0.335,0.267,40,160,87.2,8.8,2232,88.4,88.4,96,340,401,0,6.44,106,151,120,146,296,318,286
739,660271,"Ohtani, Shohei",739,100,0.19,0.176,0.229,0.366,0.29,0.331,0.234,29,153,89.1,9.2,2246,88.6,87.97,107,331,408,-0.6,6.15,114,156,123,151,299,326,306
739,624585,"Soler, Jorge",739,100,0.228,0.215,0.317,0.443,0.332,0.354,0.243,34,149,92.5,15.5,2294,88,88.12,105,282,457,0.1,6.23,104,151,121,146,309,333,304
736,572761,"Carpenter, Matt",736,100,0.186,0.129,0.25,0.314,0.293,0.333,0.214,26,140,88.2,17,2297,88.1,88.32,96,290,446,0.2,6.37,116,159,119,154,296,324,304
736,608324,"Bregman, Alex",736,100,0.242,0.209,0.254,0.451,0.345,0.333,0.252,37,153,88.9,17.3,2270,89.2,89.19,39,266,470,0,6.35,106,152,120,146,298,327,294
732,543063,"Crawford, Brandon",732,100,0.256,0.209,0.303,0.465,0.334,0.307,0.234,44,172,88.7,12.4,2223,88.5,88.59,126,400,332,0.1,6.19,117,154,117,152,293,324,306
728,543592,"Nola, Austin",728,100,0.273,0.199,0.303,0.472,0.352,0.361,0.28,44,161,89.7,12.5,2274,89,88.62,59,294,434,-0.4,6.19,110,152,119,147,301,322,291
725,641531,"Dozier, Hunter",725,100,0.228,0.165,0.288,0.392,0.326,0.328,0.233,36,158,86.4,17,2291,88.3,88.53,94,304,421,0.2,6.29,106,150,121,146,308,327,296
724,541645,"García, Avisaíl",724,100,0.238,0.088,0.315,0.326,0.299,0.321,0.244,43,181,87.4,8.7,2288,88.2,88.26,137,395,329,0.1,6.4,106,151,120,146,306,324,294
721,488726,"Brantley, Michael",721,100,0.3,0.176,0.336,0.476,0.362,0.325,0.26,51,170,88.5,9.6,2232,89.6,89.37,47,288,433,-0.2,6.26,115,158,121,152,289,324,303
715,453943,"Frazier, Todd",715,100,0.236,0.146,0.297,0.382,0.299,0.288,0.221,37,157,87.8,20.5,2254,88.4,88.14,84,312,403,-0.3,6.29,108,153,122,146,307,328,297
709,543768,"Shaw, Travis",709,100,0.239,0.172,0.306,0.411,0.31,0.322,0.241,39,163,90.9,19.8,2177,88.1,87.73,97,333,376,-0.4,6.28,114,157,119,150,291,322,298
707,460086,"Gordon, Alex",707,100,0.209,0.098,0.246,0.307,0.275,0.3,0.23,34,163,81.4,9.9,2212,87.9,87.8,75,334,372,-0.1,6.18,113,157,116,152,296,324,301
705,543543,"Miller, Brad",705,100,0.232,0.218,0.289,0.451,0.349,0.377,0.252,33,142,89.8,11.2,2307,88.1,88.31,100,280,425,0.2,6.36,114,156,123,155,295,322,306
703,606115,"Arcia, Orlando",703,100,0.26,0.156,0.292,0.416,0.317,0.336,0.279,45,173,88.5,9.2,2339,87.8,87.9,76,329,374,0.1,6.33,106,149,113,146,302,319,288
695,455117,"Maldonado, Martín",695,100,0.215,0.163,0.295,0.378,0.326,0.318,0.204,29,135,84.5,16.2,2244,88.8,88.72,86,296,399,-0.1,6.27,107,151,118,145,298,325,291
695,606466,"Marte, Ketel",695,100,0.287,0.122,0.311,0.409,0.316,0.301,0.261,52,181,88.8,9.1,2223,89.8,89.58,44,313,382,-0.2,6.21,113,152,114,149,297,326,306
688,640449,"Frazier, Clint",688,100,0.267,0.244,0.338,0.511,0.393,0.368,0.246,35,131,89.4,11.6,2183,88.2,88.26,77,243,445,0.1,6.35,105,152,120,146,306,319,284
686,474832,"Belt, Brandon",686,100,0.309,0.282,0.356,0.591,0.427,0.422,0.287,46,149,89.7,16.8,2255,89.3,88.01,69,296,390,-1.3,6.18,113,162,126,150,295,329,304
684,571448,"Arenado, Nolan",684,100,0.253,0.181,0.241,0.434,0.308,0.286,0.234,46,182,87.8,19.1,2327,89.6,89.81,59,329,354,0.2,6.24,106,151,120,146,308,333,304
682,571718,"Goodwin, Brian",682,100,0.215,0.201,0.291,0.417,0.305,0.298,0.212,31,144,89.9,20.7,2257,88,87.94,92,273,409,-0.1,6.26,115,152,115,150,292,321,299
682,457708,"Upton, Justin",682,100,0.204,0.218,0.219,0.422,0.307,0.329,0.228,30,147,91.7,18.6,2264,88.2,87.7,89,298,384,-0.5,6.1,108,152,123,146,307,327,298
682,657557,"DeJong, Paul",682,100,0.25,0.099,0.34,0.349,0.296,0.315,0.238,38,152,89.2,21.7,2346,88.3,87.95,107,331,351,-0.3,6.38,107,152,120,145,305,324,299
681,457759,"Turner, Justin",681,100,0.307,0.153,0.347,0.46,0.376,0.399,0.295,46,150,90.3,17.5,2273,88.8,87.41,60,292,389,-1.4,6.22,108,151,121,146,305,326,299
680,643289,"Dubón, Mauricio",680,100,0.274,0.115,0.328,0.389,0.318,0.319,0.256,43,157,85.5,15.4,2300,88.7,88.71,89,372,308,0,6.17,108,151,112,146,300,321,291
676,594809,"Eaton, Adam",676,100,0.226,0.157,0.26,0.384,0.287,0.299,0.246,36,159,85,2.6,2185,88.9,89.09,56,343,332,0.2,6.37,107,147,101,148,283,316,301
676,518595,"d'Arnaud, Travis",676,100,0.321,0.212,0.411,0.533,0.392,0.383,0.298,53,165,93.4,8.1,2227,88.9,89.17,105,340,336,0.3,6.46,105,150,119,145,308,321,289
673,621563,"Wendle, Joey",673,100,0.286,0.149,0.338,0.435,0.335,0.301,0.253,48,168,86.7,5.1,2197,88.5,88.51,63,337,336,0,6.51,112,148,108,150,289,321,299
671,650402,"Torres, Gleyber",671,100,0.243,0.125,0.286,0.368,0.326,0.331,0.242,33,136,88.6,14.9,2247,88,88.06,79,282,389,0.1,6.41,108,152,122,146,302,319,284
662,621028,"Newman, Kevin",662,100,0.224,0.051,0.25,0.276,0.251,0.284,0.246,35,156,84.8,7.7,2352,88.6,88.26,42,288,374,-0.3,6.34,105,149,110,145,302,312,275
661,570481,"González, Erik",661,100,0.227,0.133,0.292,0.359,0.262,0.292,0.236,41,181,88.2,4.9,2330,88.5,88.82,113,353,308,0.3,6.4,106,150,110,146,305,319,284
661,664761,"Bohm, Alec",661,100,0.338,0.144,0.41,0.481,0.381,0.357,0.285,54,160,90.2,4.8,2212,88.9,89.06,79,314,347,0.2,6.41,107,151,121,147,306,320,285
660,519058,"Moustakas, Mike",660,100,0.23,0.237,0.247,0.468,0.34,0.335,0.24,32,139,88.8,16.3,2324,86.9,87,77,316,344,0.1,6.29,116,161,129,152,293,326,301
657,640457,"Meadows, Austin",657,100,0.205,0.167,0.288,0.371,0.292,0.27,0.177,27,132,90.1,24.3,2164,88.8,88.89,95,303,354,0.1,6.42,115,153,128,149,289,322,298
656,664238,"Moore, Dylan",656,100,0.255,0.241,0.314,0.496,0.368,0.354,0.249,35,137,89.7,17.6,2267,88.5,88.17,74,274,382,-0.3,6.16,109,152,115,148,300,320,290
653,595281,"Kiermaier, Kevin",653,100,0.217,0.145,0.29,0.362,0.301,0.325,0.249,30,138,87.7,-0.4,2230,88.2,88.27,92,306,347,0.1,6.48,113,146,105,148,286,320,299
653,656305,"Chapman, Matt",653,100,0.232,0.303,0.291,0.535,0.335,0.343,0.241,33,142,93.6,24.1,2260,88.6,88.38,106,293,360,-0.2,6.22,108,151,119,144,302,326,295
653,458731,"Gardner, Brett",653,100,0.223,0.169,0.264,0.392,0.332,0.327,0.226,29,130,87.6,13.6,2148,88.7,88.82,59,244,409,0.1,6.36,111,147,110,145,286,315,294
633,570482,"Urshela, Gio",633,100,0.298,0.192,0.315,0.49,0.369,0.381,0.311,45,151,91.4,12.4,2197,89.5,89.7,62,305,328,0.2,6.51,107,152,120,147,307,321,284
624,570731,"Schoop, Jonathan",624,100,0.278,0.198,0.316,0.475,0.34,0.294,0.24,45,162,87.2,8.7,2341,88.1,87.98,98,353,271,-0.1,6.33,107,151,121,146,302,327,296
622,656308,"Chavis, Michael",622,100,0.212,0.164,0.28,0.377,0.277,0.293,0.223,31,146,88.3,10,2200,88.5,88.61,123,321,301,0.1,6.46,105,151,119,147,295,322,293
622,641933,"O'Neill, Tyler",622,100,0.173,0.187,0.189,0.36,0.271,0.286,0.193,24,139,88,15.1,2368,87.2,87.02,96,283,339,-0.2,6.37,104,150,117,144,304,325,297
622,405395,"Pujols, Albert",622,100,0.224,0.171,0.23,0.395,0.282,0.293,0.243,34,152,88.6,16.4,2272,88,87.32,68,306,316,-0.7,6.12,107,154,126,150,308,327,296
618,607732,"Stallings, Jacob",618,100,0.248,0.128,0.337,0.376,0.309,0.278,0.207,31,125,87.2,11.9,2332,87.7,88.16,62,240,378,0.5,6.44,108,151,118,147,304,321,287
618,520471,"Galvis, Freddy",618,100,0.22,0.184,0.231,0.404,0.312,0.299,0.219,31,141,85.7,11.3,2275,87.7,87.83,74,279,339,0.1,6.37,112,152,110,150,289,318,297
615,596129,"Vogelbach, Daniel",615,100,0.209,0.183,0.237,0.391,0.317,0.332,0.227,24,115,89.5,10.2,2286,87.8,87.72,46,207,408,-0.1,6.21,120,165,136,156,296,325,303
614,664034,"France, Ty",614,100,0.305,0.163,0.39,0.468,0.362,0.357,0.285,43,141,85.7,14.9,2279,88.8,88.43,71,283,331,-0.4,6.27,108,152,120,147,300,323,297
611,608577,"Mazara, Nomar",611,100,0.228,0.066,0.33,0.294,0.267,0.291,0.222,31,136,91,6.7,2330,88.2,88.41,81,284,327,0.2,6.34,117,158,129,153,292,328,306
610,669257,"Smith, Will",610,100,0.289,0.289,0.294,0.579,0.411,0.407,0.293,33,114,90.8,24.1,2274,88.8,88.63,36,233,377,-0.2,6.22,105,151,119,145,306,324,299
607,543105,"Dickerson, Alex",607,100,0.298,0.278,0.313,0.576,0.394,0.354,0.266,45,151,91,17.7,2252,89.3,89.13,71,305,302,-0.2,6.13,116,154,123,151,295,327,305
605,429664,"Canó, Robinson",605,100,0.316,0.228,0.319,0.544,0.376,0.353,0.297,54,171,90.1,5.9,2202,89,89.14,69,348,257,0.1,6.36,113,150,121,150,292,323,302
602,459964,"Joyce, Matt",602,100,0.252,0.079,0.353,0.331,0.31,0.308,0.225,32,127,86.7,12.5,2146,88.1,88.39,86,263,339,0.3,6.49,113,157,131,145,296,321,298
602,656775,"Mullins, Cedric",602,100,0.271,0.136,0.35,0.407,0.313,0.251,0.214,38,140,80.2,9.8,2205,89,88.66,66,306,296,-0.3,6.36,101,144,99,144,283,314,287
600,592178,"Bryant, Kris",600,100,0.206,0.145,0.264,0.351,0.285,0.282,0.201,27,131,86.1,20.6,2366,88.3,88.67,84,285,315,0.4,6.46,107,151,119,145,298,324,298
599,623520,"Bote, David",599,100,0.2,0.208,0.228,0.408,0.309,0.328,0.232,25,125,92.4,9.3,2317,88.5,88.9,65,234,365,0.4,6.45,104,150,118,145,301,323,290
595,596847,"Choi, Ji-Man",595,100,0.23,0.18,0.291,0.41,0.316,0.272,0.19,28,122,89,15.7,2215,88.5,88.11,84,265,330,-0.4,6.4,114,155,121,151,291,324,300
594,596059,"Odor, Rougned",594,100,0.167,0.246,0.157,0.413,0.259,0.278,0.192,23,138,84.6,19.7,2276,87.6,86.95,77,300,294,-0.7,6.06,116,160,114,153,305,330,303
593,543401,"Kipnis, Jason",593,100,0.237,0.167,0.333,0.404,0.325,0.282,0.18,27,114,85.6,17.4,2302,88.5,88.89,62,237,356,0.4,6.43,114,151,117,151,290,321,301
589,623993,"Santander, Anthony",589,100,0.261,0.314,0.248,0.575,0.364,0.358,0.287,40,153,88.3,24.1,2155,88.3,88.4,79,309,280,0.1,6.49,113,152,120,144,292,321,293
588,572039,"Piscotty, Stephen",588,100,0.226,0.132,0.304,0.358,0.273,0.293,0.237,36,159,87.9,12.7,2288,87.7,87.48,116,347,241,-0.2,6.22,106,152,120,146,304,324,292
585,542932,"Berti, Jon",585,100,0.258,0.092,0.354,0.35,0.337,0.323,0.241,31,120,85.3,4.6,2249,88.6,88.78,40,205,380,0.2,6.43,105,150,111,145,305,313,281
584,669221,"Murphy, Sean",584,100,0.233,0.224,0.278,0.457,0.358,0.347,0.217,27,116,92.2,14.6,2318,88.1,88.02,60,241,343,-0.1,6.18,107,151,120,146,302,323,291
583,622534,"Margot, Manuel",583,100,0.269,0.083,0.317,0.352,0.301,0.308,0.258,39,145,86.5,6.8,2249,89,89.23,64,277,306,0.2,6.52,100,150,104,146,304,320,286
580,519346,"Thames, Eric",580,100,0.203,0.114,0.282,0.317,0.276,0.305,0.219,25,123,88.7,14.6,2187,87.3,87.36,82,281,299,0.1,6.37,114,160,131,150,296,322,302
574,519048,"Moreland, Mitch",574,100,0.265,0.287,0.277,0.551,0.376,0.34,0.236,36,136,87.7,12,2227,88.5,88.24,84,268,306,-0.3,6.3,114,165,131,150,290,326,306
573,650490,"Díaz, Yandy",573,100,0.307,0.079,0.347,0.386,0.367,0.323,0.243,35,114,88.3,-7.9,2215,88.5,88.62,32,204,369,0.1,6.39,107,151,122,148,307,325,288
571,621005,"Lopes, Tim",571,100,0.238,0.126,0.299,0.364,0.279,0.276,0.235,34,143,86.7,6.8,2285,88.7,88.42,91,309,262,-0.3,6.13,109,152,114,147,302,318,287
571,643376,"Jansen, Danny",571,100,0.183,0.175,0.19,0.358,0.3,0.352,0.244,22,120,82.8,14.6,2227,88.1,87.68,63,253,318,-0.4,6.29,105,152,120,146,298,319,286
570,543333,"Hosmer, Eric",570,100,0.287,0.231,0.296,0.517,0.359,0.366,0.287,41,143,90.8,8.8,2255,88.6,88.39,58,287,283,-0.2,6.21,115,154,120,152,298,327,310
570,592669,"Renfroe, Hunter",570,100,0.156,0.238,0.141,0.393,0.277,0.296,0.191,19,122,89.4,17.4,2240,87.3,87.2,76,237,333,-0.1,6.47,106,152,122,146,300,330,297
570,642162,"Valaika, Pat",570,100,0.277,0.199,0.313,0.475,0.337,0.325,0.263,39,141,87.5,18,2233,88.8,88.68,84,286,283,-0.1,6.42,107,151,117,146,299,320,284
567,578428,"Iglesias, José",567,100,0.373,0.183,0.407,0.556,0.407,0.385,0.356,53,142,86.2,7.6,2216,88.5,88.67,40,275,291,0.2,6.39,107,151,115,147,292,315,281
566,576397,"Gyorko, Jedd",566,100,0.248,0.256,0.278,0.504,0.351,0.357,0.249,29,117,88.6,15.3,2296,86.6,86.8,76,239,327,0.2,6.38,105,151,119,146,304,321,293
563,521692,"Perez, Salvador",563,100,0.333,0.3,0.375,0.633,0.41,0.401,0.318,50,150,91,14.2,2290,87.5,87.62,89,331,232,0.1,6.25,106,150,120,144,307,327,296
559,656811,"O'Hearn, Ryan",559,100,0.195,0.106,0.267,0.301,0.269,0.317,0.23,22,113,90.1,11.8,2225,88.9,89.03,70,234,325,0.1,6.24,115,156,121,153,301,327,303
557,425877,"Molina, Yadier",557,100,0.262,0.097,0.281,0.359,0.29,0.298,0.254,38,145,84.3,12.4,2346,88.4,88.61,73,307,250,0.2,6.37,106,152,120,146,305,322,290
557,643265,"Cooper, Garrett",557,100,0.283,0.217,0.337,0.5,0.365,0.383,0.303,34,120,90,9.5,2199,88.1,88.3,50,225,332,0.2,6.5,105,151,119,147,311,323,288
556,571771,"Hernández, Enrique",556,100,0.23,0.18,0.26,0.41,0.29,0.29,0.224,32,139,88.5,16.2,2291,88.5,86.65,68,278,278,-1.9,6.16,106,151,117,146,304,324,296
554,475253,"Smoak, Justin",554,100,0.176,0.185,0.219,0.361,0.265,0.26,0.187,21,119,89.6,15.3,2354,88,88.13,75,239,315,0.1,6.31,116,174,141,154,300,324,300
553,553882,"Narváez, Omar",553,100,0.176,0.093,0.254,0.269,0.262,0.269,0.172,19,108,81.6,18.7,2324,87.4,87.26,80,271,282,-0.1,6.26,118,161,124,153,289,317,299
550,592626,"Pederson, Joc",550,100,0.19,0.207,0.2,0.397,0.297,0.335,0.235,23,121,91.9,11.3,2242,88.5,86.53,80,259,291,-2,6.2,117,161,132,151,301,325,307
550,455976,"Markakis, Nick",550,100,0.254,0.138,0.302,0.392,0.307,0.308,0.274,33,130,89,9.5,2184,88.7,88.82,30,236,314,0.1,6.4,113,149,117,148,288,319,301
547,461314,"Kemp, Matt",547,100,0.239,0.179,0.314,0.419,0.322,0.321,0.226,28,117,85.4,11.9,2286,88.4,88.4,87,240,307,0,6.18,108,152,121,146,310,332,298
547,666176,"Adell, Jo",547,100,0.161,0.105,0.258,0.266,0.212,0.226,0.171,20,124,90.6,11.4,2293,87.7,87.37,117,278,269,-0.3,6.13,107,152,120,148,308,326,294
541,605170,"Caratini, Victor",541,100,0.241,0.086,0.321,0.328,0.297,0.285,0.216,28,116,87.9,6.2,2282,88,88.28,51,216,325,0.3,6.4,112,152,118,150,292,321,300
538,542255,"Inciarte, Ender",538,100,0.19,0.06,0.228,0.25,0.233,0.253,0.211,22,116,77.7,7.9,2203,88.8,89.13,61,259,279,0.3,6.49,107,144,103,146,279,314,295
537,669720,"Hays, Austin",537,100,0.279,0.115,0.316,0.393,0.314,0.29,0.243,34,122,86.5,10.1,2219,88.2,87.72,51,256,281,-0.5,6.43,108,152,112,145,296,319,287
536,666198,"Kieboom, Carter",536,100,0.202,0.01,0.299,0.212,0.28,0.28,0.18,20,99,84.3,12.6,2252,87,87.13,61,239,297,0.1,6.41,104,150,119,146,304,317,290
536,642082,"Sisco, Chance",536,100,0.214,0.163,0.321,0.378,0.335,0.327,0.194,21,98,88.8,20,2182,88.4,88.33,87,234,302,-0.1,6.4,114,162,131,145,289,320,299
535,605412,"Panik, Joe",535,100,0.225,0.075,0.283,0.3,0.296,0.32,0.244,27,120,86.9,9.9,2163,89.2,89.03,38,211,324,-0.2,6.29,114,149,108,149,282,316,295
534,650489,"Castro, Willi",534,100,0.349,0.202,0.448,0.55,0.393,0.365,0.306,45,129,84.7,11.1,2202,87.8,87.96,90,294,240,0.2,6.36,110,150,110,150,292,322,296
532,500743,"Rojas, Miguel",532,100,0.304,0.192,0.33,0.496,0.379,0.33,0.275,38,125,87.3,11.9,2217,88.6,88.93,36,208,324,0.3,6.52,105,150,112,147,305,317,281
531,622666,"Camargo, Johan",531,100,0.2,0.167,0.247,0.367,0.262,0.236,0.182,24,120,87.3,9.8,2145,88.3,88.78,87,257,273,0.5,6.55,112,149,116,149,293,319,293
529,467092,"Ramos, Wilson",529,100,0.239,0.148,0.271,0.387,0.297,0.316,0.247,34,142,89,6.5,2258,88.1,88.14,75,290,239,0,6.28,107,152,121,148,306,323,290
525,519222,"Romine, Austin",525,100,0.238,0.085,0.354,0.323,0.253,0.229,0.205,31,130,87.9,7.7,2277,88.7,88.69,84,281,244,0,6.32,107,152,120,148,301,324,286
525,665750,"Taveras, Leody",525,100,0.227,0.168,0.319,0.395,0.307,0.305,0.232,27,119,85.9,11.1,2241,87.8,87.26,72,242,283,-0.5,6.03,115,149,110,150,296,323,298
523,663538,"Hoerner, Nico",523,100,0.222,0.037,0.279,0.259,0.265,0.295,0.241,24,108,86.8,0.9,2353,88.3,87.95,42,233,290,-0.3,6.38,106,149,112,145,296,318,288
523,571980,"Naquin, Tyler",523,100,0.218,0.165,0.275,0.383,0.267,0.323,0.263,29,133,91.7,13,2257,88.9,89.15,92,299,224,0.3,6.3,114,150,113,151,290,322,300
523,642708,"Rosario, Amed",523,100,0.252,0.119,0.305,0.371,0.282,0.262,0.23,36,143,86.5,4.2,2228,87.4,87.52,66,270,253,0.1,6.34,105,149,111,146,303,318,286
523,425783,"Choo, Shin-Soo",523,100,0.236,0.164,0.284,0.4,0.312,0.34,0.254,26,110,88.1,9.9,2278,89.2,89.16,68,210,313,0,6.22,119,160,114,153,298,330,305
522,664056,"Bader, Harrison",522,100,0.226,0.217,0.317,0.443,0.337,0.327,0.199,24,106,86,15.6,2361,88.2,88.23,62,222,300,0,6.39,103,150,109,143,304,324,297
520,663624,"Mountcastle, Ryan",520,100,0.333,0.159,0.398,0.492,0.377,0.328,0.266,42,126,87.4,10.7,2234,88.2,88.31,91,306,214,0.1,6.38,107,150,119,145,301,321,285
513,592325,"Gamel, Ben",513,100,0.237,0.167,0.333,0.404,0.313,0.33,0.267,27,114,87.9,11.5,2317,88.1,88.14,62,217,296,0,6.25,114,150,114,152,290,318,298
512,650333,"Arraez, Luis",512,100,0.321,0.08,0.353,0.402,0.335,0.357,0.31,36,112,87.5,12.1,2260,88.6,88.87,23,228,284,0.3,6.33,111,147,105,148,282,315,301
506,608348,"Kelly, Carson",506,100,0.221,0.164,0.25,0.385,0.279,0.267,0.218,27,122,86.3,16.7,2276,89.3,89.04,62,231,275,-0.3,6.23,109,152,119,146,305,324,293
505,671277,"García, Luis",505,100,0.276,0.09,0.34,0.366,0.291,0.296,0.267,37,134,83.1,-4.3,2212,87.8,87.83,73,252,253,0,6.4,107,146,105,150,288,318,303
504,595909,"Cave, Jake",504,100,0.221,0.168,0.323,0.389,0.293,0.272,0.213,25,113,86.6,7.7,2263,88.3,88.51,95,240,264,0.2,6.34,115,151,117,150,291,322,303
502,665926,"Giménez, Andrés",502,100,0.263,0.136,0.318,0.398,0.321,0.303,0.245,31,118,85.7,12.9,2188,88,88.2,64,251,251,0.2,6.4,109,147,105,151,283,319,298
499,519299,"Sogard, Eric",499,100,0.209,0.07,0.242,0.278,0.254,0.288,0.254,24,115,84.4,15.3,2278,88.3,88.59,17,190,309,0.3,6.38,113,149,108,151,285,315,292
499,502054,"Pham, Tommy",499,100,0.211,0.101,0.253,0.312,0.284,0.351,0.258,23,109,92.8,2.5,2299,89.4,89.28,52,191,308,-0.1,6.22,106,152,117,147,307,324,295
498,643418,"Long Jr., Shed",498,100,0.171,0.12,0.221,0.291,0.238,0.246,0.173,20,117,87.1,2.6,2259,88.6,88.2,77,222,276,-0.4,6.16,116,149,106,150,288,316,300
496,460075,"Braun, Ryan",496,100,0.233,0.256,0.232,0.488,0.322,0.339,0.271,30,129,89.2,15,2331,87.7,87.68,75,260,236,0,6.34,108,150,118,146,306,324,296
494,621466,"Stewart, DJ",494,100,0.193,0.261,0.233,0.455,0.353,0.336,0.192,17,88,88.6,13.8,2209,89,89.1,86,240,254,0.1,6.4,117,158,129,149,292,324,298
492,666185,"Carlson, Dylan",492,100,0.2,0.164,0.26,0.364,0.264,0.314,0.246,22,110,87.4,9.2,2300,88,88.21,62,202,290,0.2,6.36,113,153,117,151,295,323,300
492,656541,"Hilliard, Sam",492,100,0.21,0.229,0.281,0.438,0.301,0.262,0.189,22,105,87.5,10.1,2283,89.6,89.56,89,230,262,0,6.26,117,157,135,149,297,329,307
487,592450,"Judge, Aaron",487,100,0.257,0.297,0.283,0.554,0.375,0.371,0.26,26,101,92.2,15.8,2177,88.3,88.46,70,209,278,0.2,6.4,102,152,123,146,308,327,291
487,502517,"Murphy, Daniel",487,100,0.236,0.098,0.26,0.333,0.265,0.272,0.238,29,123,85.1,15.6,2307,89.5,89.34,37,260,227,-0.2,6.25,117,159,123,152,293,327,306
486,547379,"Pérez, Roberto",486,100,0.165,0.052,0.259,0.216,0.228,0.267,0.198,16,97,86,-2.5,2331,87.2,87.33,52,177,309,0.1,6.3,106,150,119,147,300,320,288
485,649966,"Urías, Luis",485,100,0.239,0.055,0.338,0.294,0.273,0.268,0.223,26,109,86.8,3.2,2351,87.5,87.79,45,198,287,0.3,6.36,107,151,113,148,300,317,284
484,435559,"Suzuki, Kurt",484,100,0.27,0.126,0.301,0.396,0.326,0.31,0.246,30,111,83.9,17.9,2245,87.6,87.92,40,236,248,0.3,6.44,105,151,119,144,298,319,293
472,666182,"Bichette, Bo",472,100,0.301,0.211,0.352,0.512,0.353,0.356,0.292,37,123,89.2,12,2281,88,87.99,58,269,203,0,6.36,106,151,119,147,302,320,287
469,643565,"Tauchman, Mike",469,100,0.242,0.063,0.329,0.305,0.292,0.304,0.251,23,95,84.9,10.6,2185,89.3,89.42,61,211,258,0.1,6.52,111,147,110,148,290,319,296
468,664901,"Mendick, Danny",468,100,0.243,0.14,0.288,0.383,0.291,0.261,0.22,26,107,86.2,7.4,2316,88,87.71,50,198,270,-0.3,6.39,104,151,112,145,298,323,289
468,664068,"Kingery, Scott",468,100,0.159,0.124,0.2,0.283,0.233,0.298,0.214,18,113,84.4,16.4,2201,88,88.03,76,241,227,0,6.29,105,151,114,147,299,318,283
462,571788,"Holt, Brock",462,100,0.211,0.063,0.278,0.274,0.253,0.267,0.223,20,95,84,10.5,2256,88.2,88.41,38,193,269,0.2,6.47,113,148,110,151,288,316,299
458,592444,"Jones, JaCoby",458,100,0.268,0.247,0.356,0.515,0.358,0.321,0.24,26,97,89.5,11,2344,88.1,88.31,63,189,269,0.2,6.37,108,151,114,145,302,325,289
454,596451,"Quinn, Roman",454,100,0.213,0.102,0.313,0.315,0.254,0.243,0.208,23,108,78.4,5.5,2206,87.8,87.73,67,235,219,-0.1,6.27,97,142,97,145,284,313,287
451,543510,"McCann, James",451,100,0.289,0.247,0.339,0.536,0.378,0.343,0.256,28,97,90.5,15,2318,88.6,88.76,62,212,239,0.2,6.31,106,152,118,146,302,326,290
451,451594,"Fowler, Dexter",451,100,0.233,0.156,0.293,0.389,0.31,0.292,0.214,21,90,84.5,11.3,2298,87.4,87.58,65,205,246,0.2,6.33,114,156,118,156,297,323,303
450,662139,"Varsho, Daulton",450,100,0.188,0.178,0.246,0.366,0.293,0.294,0.196,19,101,83.3,17.4,2273,88.8,88.38,63,206,244,-0.4,6.16,113,154,115,150,291,320,303
450,592530,"Marmolejos, José",450,100,0.206,0.206,0.232,0.411,0.293,0.317,0.227,22,107,90.5,10.6,2236,87.5,87.14,66,200,250,-0.4,6.11,116,154,125,151,294,320,303
449,670623,"Paredes, Isaac",449,100,0.22,0.07,0.28,0.29,0.255,0.241,0.206,22,100,86.5,7.4,2343,88.1,88.23,33,188,261,0.1,6.33,110,153,119,148,298,324,288
449,518626,"Donaldson, Josh",449,100,0.222,0.247,0.231,0.469,0.362,0.344,0.21,18,81,92.8,6.1,2247,89,89.12,61,177,272,0.1,6.33,107,150,120,144,303,328,298
448,592261,"DeShields, Delino",448,100,0.252,0.065,0.346,0.318,0.28,0.267,0.225,27,107,78.4,2.7,2349,88.3,88.58,58,205,243,0.3,6.35,99,149,100,145,296,317,280
446,592743,"Simmons, Andrelton",446,100,0.297,0.059,0.343,0.356,0.312,0.262,0.238,35,118,86.5,6,2257,88.3,87.69,34,210,235,-0.6,6.1,107,152,113,148,306,323,293
444,645277,"Albies, Ozzie",444,100,0.271,0.195,0.317,0.466,0.329,0.299,0.24,32,118,86.3,16.9,2162,88,88.41,64,258,185,0.4,6.52,109,149,130,138,294,320,297
443,621439,"Buxton, Byron",443,100,0.254,0.323,0.241,0.577,0.345,0.332,0.247,33,130,91.2,23.6,2292,88.9,89.02,82,284,159,0.1,6.31,102,150,107,142,301,325,295
441,642133,"Tellez, Rowdy",441,100,0.283,0.257,0.276,0.54,0.369,0.356,0.273,32,113,90.7,10.6,2204,88,88.01,52,222,219,0,6.27,116,164,128,150,293,324,301
438,650859,"Rengifo, Luis",438,100,0.156,0.044,0.206,0.2,0.227,0.256,0.182,14,90,86.1,2.3,2223,88.1,87.67,45,187,251,-0.4,6.1,111,149,109,149,294,320,295
436,571466,"Barnhart, Tucker",436,100,0.204,0.184,0.231,0.388,0.296,0.315,0.226,20,98,83.6,17.1,2261,87.6,87.85,46,190,246,0.3,6.39,115,156,115,151,284,319,298
431,571875,"Lamb, Jake",431,100,0.193,0.159,0.233,0.352,0.281,0.328,0.237,17,88,90.2,16.7,2211,89.4,89.43,50,188,243,0,6.29,118,166,130,152,295,326,305
431,663698,"Bart, Joey",431,100,0.233,0.087,0.387,0.32,0.271,0.248,0.2,24,103,89,12.7,2275,88.7,86.91,77,223,208,-1.8,6.26,109,152,123,147,303,328,299
431,596103,"Slater, Austin",431,100,0.282,0.224,0.328,0.506,0.395,0.416,0.303,24,85,88.3,10.8,2300,89.1,88.87,45,178,253,-0.2,6.16,110,152,117,148,305,322,290
429,621446,"Brinson, Lewis",429,100,0.226,0.142,0.288,0.368,0.275,0.292,0.246,24,106,88.1,7.9,2244,86.4,86.62,69,224,205,0.2,6.45,107,152,116,146,306,321,289
428,657061,"Tucker, Cole",428,100,0.22,0.055,0.295,0.275,0.233,0.218,0.195,24,109,82.4,13,2261,87.1,87.19,60,198,230,0.1,6.33,110,150,106,148,294,318,291
424,663611,"Madrigal, Nick",424,100,0.34,0.029,0.365,0.369,0.332,0.314,0.303,35,103,84,4.1,2374,88.8,88.77,20,187,237,0,6.27,106,150,110,147,293,312,275
419,641432,"Calhoun, Willie",419,100,0.19,0.07,0.214,0.26,0.217,0.232,0.192,19,100,89.3,14.4,2310,87.7,87.4,27,184,235,-0.3,6.08,118,159,115,153,302,327,303
419,573131,"Ruf, Darin",419,100,0.276,0.241,0.322,0.517,0.379,0.349,0.25,24,87,89.4,12.4,2242,88.6,85.3,46,174,245,-3.3,6.11,109,152,121,146,303,324,294
418,594838,"Gosselin, Phil",418,100,0.25,0.152,0.323,0.402,0.313,0.295,0.238,23,92,84.4,14.4,2140,87.4,87.23,42,170,248,-0.2,6.32,105,151,117,147,304,320,282
415,519317,"Stanton, Giancarlo",415,100,0.25,0.25,0.333,0.5,0.379,0.412,0.299,19,76,91.1,8.3,2249,88.5,88.73,49,150,265,0.2,6.41,108,153,124,147,305,325,293
413,457803,"Bruce, Jay",413,100,0.198,0.271,0.197,0.469,0.297,0.321,0.237,19,96,89,15.3,2211,88.3,88.25,64,222,191,-0.1,6.28,114,161,145,146,292,324,294
413,592200,"Casali, Curt",413,100,0.224,0.276,0.268,0.5,0.372,0.308,0.185,17,76,88.6,22.1,2308,87.3,87.48,46,165,248,0.2,6.33,104,151,118,144,298,323,288
412,462101,"Andrus, Elvis",412,100,0.194,0.136,0.2,0.33,0.255,0.295,0.234,20,103,87.8,8.8,2296,88.1,87.94,37,190,222,-0.2,6.25,107,150,115,147,304,323,287
412,547172,"Wolters, Tony",412,100,0.23,0.04,0.329,0.27,0.249,0.294,0.265,23,100,81.3,6.7,2274,89,89.27,49,179,233,0.3,6.22,116,153,108,152,288,324,304
412,606299,"Peraza, José",412,100,0.225,0.117,0.258,0.342,0.27,0.288,0.238,25,111,85.4,20,2254,88.4,88.39,49,228,184,0,6.37,107,150,109,146,292,312,283
408,643393,"Kemp, Tony",408,100,0.247,0.054,0.284,0.301,0.307,0.329,0.256,23,93,83.8,17.9,2238,88.5,88.44,24,179,229,-0.1,6.25,110,146,105,148,279,314,295
406,501303,"Adrianza, Ehire",406,100,0.191,0.079,0.258,0.27,0.256,0.276,0.202,17,89,85.2,15.4,2230,88.4,88.39,34,189,217,0,6.3,110,149,107,147,291,319,292
406,488771,"Castro, Jason",406,100,0.188,0.188,0.289,0.375,0.294,0.352,0.237,15,80,92.7,19.7,2239,88.2,88.08,59,171,235,-0.1,6.18,118,160,123,155,297,327,302
405,640447,"Ervin, Phillip",405,100,0.149,0.041,0.212,0.189,0.239,0.251,0.166,11,74,85.4,16,2275,88.2,88.14,45,169,236,-0.1,6.25,105,151,114,146,298,317,286
405,543228,"Gomes, Yan",405,100,0.284,0.183,0.314,0.468,0.332,0.335,0.28,31,109,89.9,17.6,2249,88.3,88.59,45,201,204,0.3,6.44,105,152,119,146,301,318,293
402,658668,"Olivares, Edward",402,100,0.24,0.135,0.29,0.375,0.275,0.286,0.26,23,96,82,7.2,2287,87.7,87.89,50,205,197,0.2,6.34,106,151,111,146,303,320,288
398,656669,"Luplow, Jordan",398,100,0.192,0.167,0.224,0.359,0.293,0.3,0.199,15,78,83.5,24.6,2327,87.1,87.24,34,171,227,0.1,6.29,105,150,117,144,297,320,288
398,501981,"Davis, Khris",398,100,0.2,0.129,0.259,0.329,0.284,0.32,0.221,17,85,87.7,18.9,2293,88.6,88.24,70,212,186,-0.4,6.17,108,150,120,143,303,322,294
398,457727,"Maybin, Cameron",398,100,0.247,0.14,0.328,0.387,0.302,0.295,0.238,23,93,87.8,9,2341,89,89.34,56,179,219,0.3,6.43,105,151,115,146,303,326,289
394,500874,"Martínez, José",394,100,0.182,0.114,0.237,0.295,0.248,0.288,0.218,16,88,87.9,6.1,2225,88,88.3,49,174,220,0.3,6.5,106,151,122,149,309,327,291
394,642180,"Wade, Tyler",394,100,0.17,0.136,0.188,0.307,0.271,0.31,0.242,15,88,83.5,11.6,2179,89,89.06,32,175,219,0.1,6.36,107,146,102,148,285,314,290
393,572191,"Taylor, Michael A.",393,100,0.196,0.228,0.217,0.424,0.287,0.325,0.229,18,92,87,13.5,2210,87.8,87.96,54,194,199,0.2,6.37,103,148,110,143,302,318,292
393,665120,"Walsh, Jared",393,100,0.293,0.354,0.256,0.646,0.393,0.349,0.265,29,99,88.1,13.2,2335,88.5,88.4,45,197,196,-0.1,6.12,115,160,121,151,302,325,306
392,621311,"Dahl, David",392,100,0.183,0.065,0.258,0.247,0.208,0.232,0.199,17,93,85.9,17,2302,88.5,88.5,67,216,176,0,6.16,116,153,120,150,296,332,308
391,621493,"Ward, Taylor",391,100,0.277,0.106,0.394,0.383,0.314,0.309,0.25,26,94,91.1,10.4,2328,88.6,88.36,41,175,216,-0.2,6.1,110,152,118,147,305,321,293
390,605131,"Barnes, Austin",390,100,0.244,0.07,0.323,0.314,0.306,0.274,0.193,21,86,85.2,14.1,2322,89.6,87.31,44,177,213,-2.3,6.15,108,150,117,147,304,323,294
388,663647,"Hayes, Ke'Bryan",388,100,0.376,0.306,0.45,0.682,0.464,0.363,0.294,32,85,92.8,7.4,2338,88.3,88.32,31,171,217,0,6.24,103,150,117,145,306,323,291
387,621514,"Stewart, Christin",387,100,0.167,0.133,0.207,0.3,0.23,0.274,0.208,15,90,85.7,24.5,2256,87.4,87.53,64,200,187,0.1,6.26,114,160,128,153,295,328,299
385,641598,"Garver, Mitch",385,100,0.167,0.097,0.294,0.264,0.232,0.24,0.17,12,72,92.4,18.6,2271,87.7,87.98,55,139,246,0.3,6.34,107,152,119,144,302,325,294
384,435062,"Kendrick, Howie",384,100,0.275,0.11,0.311,0.385,0.298,0.332,0.282,25,91,88.8,7.3,2238,87.8,88.09,40,193,190,0.3,6.42,105,147,120,143,302,319,288
382,572287,"Zunino, Mike",382,100,0.147,0.213,0.206,0.36,0.261,0.264,0.146,11,75,87.5,27,2279,89.7,89.62,72,179,203,-0.1,6.51,107,151,121,144,299,326,291
381,666915,"Dalbec, Bobby",381,100,0.263,0.338,0.394,0.6,0.408,0.356,0.197,21,80,89.9,14.8,2290,88.5,88.53,86,186,195,0,6.36,103,150,119,145,297,326,298
380,658069,"Fuentes, Josh",380,100,0.306,0.133,0.406,0.439,0.323,0.27,0.254,30,98,83.2,10.3,2259,88.6,88.71,51,210,169,0.1,6.22,108,152,119,147,309,328,296
380,647304,"Naylor, Josh",380,100,0.247,0.082,0.274,0.33,0.274,0.305,0.273,24,97,86.7,7.8,2240,88.2,88.37,29,186,194,0.2,6.27,117,153,119,152,295,324,304
377,670712,"Brosseau, Mike",377,100,0.302,0.256,0.412,0.558,0.394,0.314,0.223,26,86,90.9,15,2205,87.9,87.9,61,169,208,0,6.52,104,152,118,146,302,324,291
370,593528,"Bonifacio, Jorge",370,100,0.221,0.105,0.288,0.326,0.266,0.255,0.203,19,86,82.9,18.3,2309,87.6,87.57,65,199,171,0,6.4,105,150,117,146,299,324,289
369,647351,"Toro, Abraham",369,100,0.149,0.126,0.164,0.276,0.234,0.284,0.22,13,87,86.1,7.5,2209,88.9,88.77,46,194,175,-0.1,6.25,112,149,118,148,298,324,297
369,656514,"Haseley, Adam",369,100,0.278,0.063,0.349,0.342,0.305,0.303,0.267,22,79,84,-0.6,2180,88.6,88.51,24,158,211,-0.1,6.3,107,146,108,148,284,315,292
366,640458,"Mercado, Oscar",366,100,0.128,0.047,0.169,0.174,0.159,0.193,0.158,11,86,87.3,13.6,2314,87.9,88.15,53,181,185,0.2,6.38,100,148,106,143,295,318,281
366,605421,"Perez, Michael",366,100,0.167,0.071,0.228,0.238,0.224,0.31,0.231,14,84,87.3,14.5,2120,88.7,88.42,51,171,195,-0.3,6.41,113,157,119,148,287,321,299
363,643436,"McBroom, Ryan",363,100,0.247,0.259,0.311,0.506,0.33,0.3,0.215,20,81,89,20.1,2261,86.9,86.81,62,165,198,-0.1,6.29,104,151,120,147,307,327,295
362,545358,"Stassi, Max",362,100,0.278,0.256,0.277,0.533,0.37,0.385,0.267,25,90,91.6,15,2302,88.5,88.02,45,170,192,-0.5,6.11,105,151,119,144,307,322,292
356,645801,"Ford, Mike",356,100,0.135,0.135,0.14,0.27,0.224,0.31,0.231,10,74,89.7,8.4,2182,89.5,89.76,35,134,222,0.3,6.59,115,161,127,151,300,324,296
355,467055,"Sandoval, Pablo",355,100,0.214,0.048,0.262,0.262,0.252,0.289,0.233,18,84,91.9,8,2194,89.8,89.69,58,190,165,-0.1,6.27,112,157,123,150,299,327,304
352,664702,"Straw, Myles",352,100,0.207,0.049,0.283,0.256,0.223,0.261,0.229,17,82,86.6,15.6,2301,89.1,88.24,30,154,198,-0.9,6.28,106,150,107,145,296,317,283
351,506702,"León, Sandy",351,100,0.136,0.106,0.163,0.242,0.259,0.294,0.177,9,66,83.7,17,2285,88.3,88.51,45,150,201,0.2,6.34,114,153,116,150,288,321,289
346,641553,"Engel, Adam",346,100,0.295,0.182,0.348,0.477,0.347,0.294,0.253,26,88,86.4,14.1,2262,87.5,87.71,45,173,173,0.2,6.32,101,151,109,144,301,325,290
345,595284,"Knapp, Andrew",345,100,0.278,0.167,0.346,0.444,0.372,0.362,0.26,20,72,86.3,10.8,2218,89,89.01,49,161,184,0,6.33,113,154,128,147,291,315,293
342,595751,"Alfaro, Jorge",342,100,0.226,0.118,0.333,0.344,0.271,0.283,0.22,21,93,89.2,2.8,2232,88.8,88.98,86,206,136,0.2,6.45,108,151,119,148,311,324,291
335,543281,"Harrison, Josh",335,100,0.278,0.139,0.288,0.418,0.335,0.362,0.304,22,79,83.8,15.4,2192,87.5,87.71,41,181,154,0.2,6.37,105,149,113,143,295,314,288
335,660620,"Araúz, Jonathan",335,100,0.25,0.069,0.34,0.319,0.291,0.323,0.289,18,72,85.6,9.4,2236,88.4,88.33,31,141,194,-0.1,6.39,111,150,113,148,283,315,297
335,595978,"Hedges, Austin",335,100,0.145,0.145,0.159,0.29,0.232,0.282,0.209,10,69,83.4,11.2,2297,88.9,88.02,33,136,199,-0.9,6.34,106,153,116,145,300,322,294
330,642165,"VanMeter, Josh",330,100,0.129,0.129,0.159,0.257,0.222,0.29,0.21,9,70,89,15,2277,88.8,88.36,41,135,195,-0.4,6.22,116,154,115,150,291,323,302
330,570267,"Santana, Domingo",330,100,0.157,0.129,0.209,0.286,0.271,0.307,0.193,11,70,85.5,5.4,2243,88.2,88.41,42,152,178,0.2,6.3,106,151,120,145,300,324,290
329,608597,"Guzmán, Ronald",329,100,0.244,0.192,0.3,0.436,0.323,0.318,0.237,19,78,86.3,6,2230,87.5,86.94,54,171,158,-0.6,6.07,120,159,121,153,293,325,304
328,452095,"Flowers, Tyler",328,100,0.217,0.13,0.412,0.348,0.303,0.282,0.189,15,69,93,16.1,2286,88.8,88.91,54,148,180,0.1,6.51,105,151,120,146,307,321,289
327,641645,"Guillorme, Luis",327,100,0.333,0.105,0.463,0.439,0.381,0.317,0.247,19,57,89.8,10.6,2207,88.8,89.07,25,121,206,0.3,6.46,115,148,109,150,282,314,299
324,608700,"Plawecki, Kevin",324,100,0.341,0.122,0.403,0.463,0.373,0.315,0.269,28,82,89,12.7,2276,89.5,89.44,24,151,173,-0.1,6.47,108,150,119,147,294,319,289
322,668227,"Arozarena, Randy",322,100,0.281,0.359,0.306,0.641,0.422,0.369,0.253,18,64,90.3,9.2,2221,88.5,88.74,50,136,186,0.2,6.55,102,150,110,145,302,323,290
321,623205,"Velazquez, Andrew",321,100,0.159,0.048,0.25,0.206,0.231,0.237,0.15,10,63,75,-1.7,2208,88.8,88.66,45,153,168,-0.1,6.54,105,144,104,143,284,311,287
318,641796,"Locastro, Tim",318,100,0.29,0.174,0.34,0.464,0.376,0.344,0.271,20,69,83.9,16.6,2229,88.7,88.56,19,137,181,-0.1,6.3,106,152,106,144,301,320,287
312,455139,"Chirinos, Robinson",312,100,0.162,0.081,0.208,0.243,0.216,0.229,0.166,12,74,84.5,13.8,2212,88,88.25,47,149,163,0.2,6.42,107,155,119,146,301,321,286
311,624431,"Trevino, Jose",311,100,0.25,0.184,0.279,0.434,0.3,0.319,0.244,19,76,87.9,10.1,2239,88.6,88.66,26,130,181,0.1,6.29,107,150,122,146,302,324,290
308,591741,"Osuna, José",308,100,0.205,0.192,0.207,0.397,0.273,0.33,0.266,16,78,89.1,14.7,2304,87.1,87.68,45,160,148,0.6,6.54,105,151,117,146,304,324,289
306,519390,"Vogt, Stephen",306,100,0.167,0.111,0.204,0.278,0.235,0.253,0.178,12,72,87.3,21.2,2211,89.4,89.33,27,139,167,-0.1,6.29,117,159,133,150,295,327,309
304,518618,"Dietrich, Derek",304,100,0.197,0.262,0.2,0.459,0.351,0.376,0.239,12,61,85.5,12.6,2277,88.8,87.99,48,145,159,-0.8,6.11,118,161,121,152,299,330,308
304,668942,"Rojas, Josh",304,100,0.18,0,0.234,0.18,0.219,0.287,0.218,11,61,84.9,4.9,2272,88.4,88.18,34,134,170,-0.2,6.17,115,155,115,150,291,322,300
295,663993,"Lowe, Nate",295,100,0.224,0.209,0.314,0.433,0.314,0.3,0.23,15,67,88.9,7.2,2249,89.9,90.02,35,119,176,0.1,6.45,114,156,126,149,293,324,305
294,620443,"Torrens, Luis",294,100,0.257,0.114,0.315,0.371,0.307,0.314,0.257,18,70,92.1,12.4,2296,88.8,88.64,25,119,175,-0.2,6.19,108,152,118,147,300,317,290
293,621458,"Ríos, Edwin",293,100,0.25,0.395,0.216,0.645,0.385,0.392,0.278,19,76,91.5,14.4,2298,89.3,88.86,53,147,146,-0.4,6.17,118,154,135,153,300,333,308
289,594824,"Garcia, Greg",289,100,0.2,0.05,0.279,0.25,0.243,0.236,0.191,12,60,77.2,10.2,2189,89.4,89.29,19,108,181,-0.1,6.18,115,148,107,149,288,318,302
287,596105,"Smith, Dwight",287,100,0.222,0.143,0.279,0.365,0.289,0.259,0.193,14,63,89.9,8.1,2137,87.3,87.59,31,117,170,0.3,6.47,115,150,121,147,287,319,294
287,607054,"Peterson, Jace",287,100,0.2,0.156,0.292,0.356,0.344,0.346,0.186,9,45,89.2,7.4,2335,88.3,88.29,37,108,179,0,6.28,117,149,112,151,290,314,298
287,543829,"Strange-Gordon, Dee",287,100,0.2,0.013,0.242,0.213,0.226,0.259,0.229,15,75,77.7,12.1,2286,88.5,88.14,27,153,134,-0.4,6.1,107,145,94,144,268,305,296
277,666158,"Lux, Gavin",277,100,0.175,0.175,0.195,0.349,0.259,0.265,0.194,11,63,87.1,14,2286,89.8,89.63,30,115,162,-0.2,6.13,118,152,123,153,296,329,309
277,676480,"Garcia, Jose",277,100,0.194,0,0.317,0.194,0.179,0.22,0.209,13,67,86.6,7.7,2292,87.4,87.77,58,144,133,0.4,6.43,105,149,115,145,298,322,289
275,660731,"Tejeda, Anderson",275,100,0.253,0.2,0.381,0.453,0.306,0.252,0.193,19,75,90.8,14.2,2270,87.3,86.81,54,138,137,-0.5,5.99,113,148,108,149,296,322,299
271,571657,"Farmer, Kyle",271,100,0.266,0.047,0.333,0.313,0.29,0.342,0.278,17,64,89.6,18.2,2304,87.2,86.83,30,120,151,-0.4,6.39,105,151,116,144,297,321,289
270,605353,"Machín, Vimael",270,100,0.206,0.032,0.245,0.238,0.25,0.338,0.29,13,63,90,6.5,2236,88.9,88.38,26,126,144,-0.5,6.14,113,149,109,151,282,315,301
270,553869,"Díaz, Elias",270,100,0.235,0.118,0.275,0.353,0.281,0.312,0.265,16,68,87.4,12.9,2271,89.4,89.66,39,140,130,0.3,6.31,108,152,122,147,309,327,293
268,425772,"Mathis, Jeff",268,100,0.161,0.194,0.194,0.355,0.245,0.277,0.201,10,62,87.9,21.4,2318,88.5,88.26,45,124,144,-0.2,6.1,108,151,116,147,304,322,287
267,488671,"Avila, Alex",267,100,0.184,0.102,0.308,0.286,0.305,0.324,0.198,9,49,85.3,12.7,2331,87.9,88.25,33,94,172,0.4,6.42,115,163,127,150,294,321,307
266,669289,"Espinal, Santiago",266,100,0.267,0.067,0.356,0.333,0.282,0.283,0.246,16,60,83.9,12.3,2226,88.4,88.54,33,136,130,0.1,6.38,101,149,104,144,295,310,277
263,665862,"Chisholm, Jazz",263,100,0.161,0.161,0.2,0.321,0.248,0.266,0.176,9,56,84.7,14.3,2182,88.1,88.21,26,102,161,0.1,6.45,112,147,109,149,293,322,294
262,516770,"Castro, Starlin",262,100,0.267,0.183,0.311,0.45,0.331,0.299,0.24,16,60,87.1,16.8,2157,87.5,87.8,27,123,139,0.3,6.41,107,150,122,144,301,318,288
260,542454,"Santana, Danny",260,100,0.145,0.127,0.226,0.273,0.23,0.281,0.181,8,55,90.9,14.6,2221,89.5,89.41,51,125,135,-0.1,6.21,116,149,115,149,307,330,303
259,605490,"Starling, Bubba",259,100,0.169,0.068,0.281,0.237,0.204,0.223,0.191,10,59,84.2,8.1,2189,87.1,87.4,48,131,128,0.3,6.35,107,151,114,147,302,318,287
257,669222,"Senzel, Nick",257,100,0.186,0.171,0.204,0.357,0.26,0.294,0.234,13,70,88.3,16.3,2352,87.4,87.62,29,125,132,0.2,6.36,104,149,112,143,293,319,285
252,621433,"Phillips, Brett",252,100,0.196,0.196,0.235,0.392,0.304,0.314,0.235,10,51,83.6,12.2,2324,89.2,89.46,38,108,144,0.3,6.39,112,150,113,149,292,325,296
252,644433,"Tromp, Chadwick",252,100,0.213,0.213,0.231,0.426,0.264,0.235,0.19,13,61,90.1,10.2,2296,88.3,85.82,44,128,124,-2.5,6.09,106,151,119,146,301,321,290
250,609280,"Andújar, Miguel",250,100,0.242,0.113,0.269,0.355,0.274,0.271,0.231,15,62,85.9,13.9,2250,86.8,86.83,27,122,128,0,6.32,106,152,121,145,303,320,288
248,680777,"Jeffers, Ryan",248,100,0.273,0.164,0.364,0.436,0.346,0.333,0.23,15,55,91.6,10.3,2237,89.5,89.74,35,105,143,0.2,6.38,106,151,122,145,302,324,288
248,502481,"Dyson, Jarrod",248,100,0.18,0,0.22,0.18,0.192,0.229,0.207,11,61,78.8,3.6,2290,88.7,89.19,23,118,130,0.5,6.48,102,144,94,147,279,309,288
245,571974,"Murphy, John Ryan",245,100,0.172,0.034,0.333,0.207,0.199,0.261,0.215,10,58,81,7,2437,87.7,87.78,54,121,124,0.1,6.3,107,151,115,145,300,316,286
244,595375,"Riddle, JT",244,100,0.149,0.075,0.17,0.224,0.174,0.246,0.208,10,67,88.8,6.8,2321,87.5,87.62,36,136,108,0.1,6.27,115,157,116,155,296,320,299
244,595956,"Gallagher, Cam",244,100,0.283,0.151,0.341,0.434,0.344,0.297,0.264,15,53,81.8,12.5,2266,88.2,88.46,21,101,143,0.3,6.28,102,150,120,148,302,321,286
237,663662,"Cameron, Daz",237,100,0.193,0.07,0.289,0.263,0.212,0.22,0.197,11,57,87.1,9.4,2303,87.8,87.61,31,117,120,-0.2,6.34,101,150,113,145,302,322,285
236,545121,"Vargas, Ildemaro",236,100,0.196,0.118,0.22,0.314,0.229,0.228,0.202,10,51,85.3,2.1,2288,88,87.92,19,100,136,-0.1,6.26,107,152,109,147,293,316,294
229,588751,"Hechavarría, Adeiny",229,100,0.254,0.051,0.319,0.305,0.271,0.244,0.22,15,59,82.9,11.2,2255,88.2,88.61,28,138,91,0.4,6.43,103,149,112,146,307,317,283
229,664059,"Haggerty, Sam",229,100,0.26,0.14,0.364,0.4,0.311,0.311,0.263,13,50,90.6,13,2265,89.3,88.85,38,107,122,-0.5,6.05,112,151,107,147,296,315,297
229,643217,"Benintendi, Andrew",229,100,0.103,0.026,0.182,0.128,0.241,0.272,0.118,4,39,80.4,3.8,2134,89.6,89.96,34,103,126,0.4,6.44,111,148,121,146,279,311,302
226,641924,"Nottingham, Jacob",226,100,0.188,0.271,0.208,0.458,0.313,0.3,0.193,9,48,87,20.1,2340,89.1,89.3,44,115,111,0.2,6.41,107,151,120,146,304,321,289
226,544725,"García, Leury",226,100,0.271,0.169,0.277,0.441,0.326,0.327,0.261,16,59,87.3,7.5,2232,87.2,87.34,23,108,118,0.1,6.31,110,150,101,150,286,316,301
224,605612,"Castro, Harold",224,100,0.347,0.082,0.447,0.429,0.369,0.33,0.274,17,49,89,11.6,2310,90.1,90.27,28,116,108,0.2,6.33,113,150,106,150,286,322,295
224,640461,"Pinder, Chad",224,100,0.232,0.161,0.268,0.393,0.299,0.326,0.242,13,56,92.3,13.8,2276,87.9,87.84,25,115,109,-0.1,6.21,104,148,118,144,300,323,291
223,621532,"Bemboom, Anthony",223,100,0.208,0.208,0.212,0.417,0.324,0.294,0.198,10,48,82.3,10.2,2284,88.6,88.07,20,94,129,-0.5,5.93,120,162,117,153,290,325,303
221,624407,"Lin, Tzu-Wei",221,100,0.154,0.019,0.222,0.173,0.16,0.198,0.182,8,52,82.2,12,2137,88.9,89.14,31,112,109,0.2,6.45,108,145,106,146,278,311,304
220,465041,"Cervelli, Francisco",220,100,0.245,0.208,0.278,0.453,0.351,0.348,0.244,13,53,89,13.3,2204,88,88.15,27,91,129,0.1,6.41,108,152,120,147,306,319,286
219,606157,"Aquino, Aristides",219,100,0.17,0.149,0.222,0.319,0.298,0.323,0.207,8,47,82.2,10.6,2292,85.9,85.98,40,104,115,0.1,6.36,106,150,117,144,296,325,297
219,448801,"Davis, Chris",219,100,0.115,0.058,0.171,0.173,0.154,0.179,0.14,6,52,85.8,6.3,2104,87.4,87.65,43,117,102,0.2,6.44,112,163,135,146,292,323,300
218,656509,"Harrison, Monte",218,100,0.17,0.085,0.35,0.255,0.222,0.226,0.147,8,47,81.7,4,2207,88.4,88.61,37,87,130,0.2,6.48,108,150,117,146,305,320,289
216,606988,"Greiner, Grayson",216,100,0.118,0.216,0.107,0.333,0.22,0.264,0.183,6,51,90,25.2,2402,86.5,86.67,33,104,112,0.2,6.36,106,150,120,145,302,324,293
216,649557,"Díaz, Aledmys",216,100,0.241,0.241,0.256,0.483,0.307,0.292,0.271,14,58,87.3,10.2,2246,88.4,88.11,31,117,99,-0.3,6.17,105,151,117,147,301,320,293
215,543068,"Cron, C.J.",215,100,0.19,0.357,0.182,0.548,0.376,0.361,0.195,8,42,85.5,20.6,2332,89.5,89.57,31,99,116,0.1,6.28,108,154,126,145,307,331,296
213,642201,"White, Eli",213,100,0.188,0.042,0.273,0.229,0.207,0.259,0.224,9,48,88.1,15.5,2260,89.1,88.78,27,103,110,-0.3,6.17,111,151,115,148,301,321,289
213,605548,"Zimmer, Bradley",213,100,0.162,0.081,0.217,0.243,0.298,0.276,0.126,6,37,82.2,15.2,2303,88.4,88.71,30,82,131,0.3,6.34,109,146,107,149,290,320,292
209,571431,"Adams, Matt",209,100,0.184,0.163,0.241,0.347,0.24,0.258,0.197,9,49,90.1,21.5,2181,88.8,89.47,33,111,98,0.7,6.66,112,158,141,147,302,325,298
208,445055,"Jay, Jon",208,100,0.16,0.08,0.175,0.24,0.199,0.275,0.217,8,50,84.8,12.5,2289,90.4,89.71,22,102,106,-0.7,6.19,118,153,112,151,282,318,307
206,642423,"Sierra, Magneuris",206,100,0.25,0.114,0.306,0.364,0.321,0.304,0.232,11,44,80,1.7,2181,88.8,89.07,14,87,119,0.3,6.51,102,142,102,142,275,308,294
204,642731,"Estrada, Thairo",204,100,0.167,0.063,0.25,0.229,0.212,0.25,0.199,8,48,83.5,2.9,2198,87.8,88.13,35,119,85,0.3,6.48,106,152,113,147,305,317,279
200,571602,"Davidson, Matt",200,100,0.163,0.233,0.148,0.395,0.269,0.338,0.235,7,43,92.8,18,2232,86.2,86.47,27,97,103,0.3,6.38,108,153,119,145,302,328,292
197,452254,"Pence, Hunter",197,100,0.096,0.154,0.086,0.25,0.18,0.312,0.233,5,52,87.6,4.1,2222,89.4,89.52,34,106,91,0.1,6.22,105,150,121,147,305,324,294
195,624414,"Arroyo, Christian",195,100,0.24,0.2,0.25,0.44,0.315,0.3,0.224,12,50,89.9,7.8,2235,90,90.1,26,101,94,0.1,6.43,105,150,119,148,302,322,289
195,641929,"Odom, Joseph",195,100,0.128,0,0.263,0.128,0.184,0.194,0.119,5,39,82.7,15.3,2296,89.5,89.14,33,80,115,-0.4,6.12,109,150,120,147,302,320,293
192,664774,"Wade Jr, LaMonte",192,100,0.231,0.077,0.3,0.308,0.285,0.271,0.212,9,39,85,15.3,2255,89,89.07,12,78,114,0.1,6.3,114,147,110,149,291,323,297
191,664057,"Stevenson, Andrew",191,100,0.366,0.366,0.464,0.732,0.485,0.368,0.288,15,41,90.2,7.7,2223,89.4,89.66,23,85,106,0.3,6.46,109,146,104,148,288,314,302
191,595981,"Heineman, Scott",191,100,0.154,0.115,0.175,0.269,0.197,0.241,0.204,8,52,87,8.4,2297,88.3,87.51,24,98,93,-0.8,6.29,108,151,118,147,304,327,290
189,595453,"Wallach, Chad",189,100,0.227,0.136,0.29,0.364,0.278,0.262,0.205,10,44,85.5,12.6,2234,88.1,88.35,26,89,100,0.2,6.53,109,152,119,146,306,319,285
188,592273,"Drury, Brandon",188,100,0.152,0.022,0.184,0.174,0.176,0.281,0.241,7,46,82.1,19.2,2191,86,85.22,18,98,90,-0.8,6.39,105,149,118,144,304,321,288
187,608686,"Mayfield, Jack",187,100,0.19,0.024,0.276,0.214,0.207,0.211,0.169,8,42,85.6,21.1,2208,88.7,87.93,29,99,88,-0.8,6.11,108,151,114,146,303,319,289
185,460077,"Butera, Drew",185,100,0.154,0.051,0.207,0.205,0.176,0.152,0.122,6,39,84.1,20,2274,88.3,88.54,25,92,93,0.2,6.26,106,149,116,146,305,330,291
184,446308,"Wieters, Matt",184,100,0.2,0.029,0.28,0.229,0.252,0.323,0.247,7,35,83,10.3,2351,87.6,87.83,16,85,99,0.2,6.36,114,158,127,151,296,323,302
184,607461,"Beaty, Matt",184,100,0.22,0.14,0.265,0.36,0.28,0.279,0.232,11,50,90,7.9,2260,88.8,87.73,24,94,90,-1.1,6.19,118,153,119,150,294,325,303
180,623168,"Heineman, Tyler",180,100,0.19,0.024,0.222,0.214,0.243,0.262,0.194,8,42,76.2,28.9,2280,88.5,87.71,14,82,98,-0.8,5.99,111,154,115,147,292,320,296
180,444489,"Piña, Manny",180,100,0.231,0.179,0.269,0.41,0.328,0.374,0.286,9,39,88.5,26,2267,87.6,87.97,21,76,104,0.4,6.43,105,151,117,146,303,320,288
178,543309,"Higashioka, Kyle",178,100,0.25,0.271,0.242,0.521,0.319,0.312,0.237,12,48,87.9,19.7,2207,87.4,87.44,22,95,83,0,6.32,106,161,119,145,297,316,288
178,605233,"Fisher, Derek",178,100,0.226,0.226,0.3,0.452,0.348,0.344,0.223,7,31,92.7,10.8,2130,86.4,86.57,25,62,116,0.2,6.38,107,150,119,148,290,321,298
176,572863,"Garneau, Dustin",176,100,0.158,0.132,0.227,0.289,0.256,0.273,0.162,6,38,83.2,19.9,2238,88.9,88.93,29,76,100,0,6.37,106,152,119,147,300,324,294
176,605480,"Smith, Mallex",176,100,0.133,0.044,0.188,0.178,0.157,0.177,0.159,6,45,83.7,2.1,2225,89,88.18,25,96,80,-0.8,6.08,110,146,96,146,279,313,298
172,435522,"Walker, Neil",172,100,0.231,0.077,0.333,0.308,0.237,0.241,0.234,9,39,86.9,22,2195,88.7,88.75,22,78,94,0.1,6.24,118,155,122,151,293,323,290
172,614173,"Cordero, Franchy",172,100,0.211,0.237,0.188,0.447,0.312,0.438,0.34,8,38,91.2,-1.1,2310,89.3,89.36,18,89,83,0.1,6.19,114,148,114,151,295,325,301
171,657041,"Thomas, Lane",171,100,0.111,0.139,0.136,0.25,0.203,0.213,0.145,4,36,91,15.4,2333,89.4,89.37,18,64,107,0,6.26,107,152,116,145,303,321,290
170,650331,"Díaz, Lewin",170,100,0.154,0.051,0.222,0.205,0.181,0.215,0.168,6,39,86.4,23.7,2181,88.9,89.17,18,77,93,0.3,6.49,115,162,133,148,291,321,302
167,657193,"Alvarez, Eddy",167,100,0.189,0.027,0.333,0.216,0.228,0.186,0.127,7,37,82.8,2.9,2187,89.7,90.24,28,83,84,0.5,6.64,105,147,110,146,283,310,293
163,607345,"Smith, Kevan",163,100,0.258,0.194,0.368,0.452,0.363,0.345,0.21,8,31,85.8,1.6,2282,88.8,88.82,20,72,91,0,6.46,104,152,120,147,307,319,287
160,642336,"Mejía, Francisco",160,100,0.077,0.103,0.069,0.179,0.149,0.193,0.147,3,39,81.5,23.4,2238,88,88.11,24,99,61,0.1,6.3,111,153,113,151,300,323,299
159,656976,"Smith, Pavin",159,100,0.27,0.135,0.3,0.405,0.32,0.357,0.29,10,37,86.6,8.2,2242,88.9,88.39,15,63,96,-0.5,6.08,119,154,114,151,294,323,305
159,592660,"Ravelo, Rangel",159,100,0.171,0.114,0.167,0.286,0.233,0.27,0.2,6,35,84.8,11.7,2307,87.6,87.67,23,80,79,0.1,6.33,106,151,119,145,304,320,295
159,595943,"Evans, Phillip",159,100,0.359,0.128,0.419,0.487,0.408,0.331,0.265,14,39,85.5,7.6,2319,87.8,88.19,26,74,85,0.4,6.41,106,152,117,144,300,317,284
158,621438,"Taylor, Tyrone",158,100,0.237,0.263,0.25,0.5,0.334,0.36,0.265,9,38,87.3,14.2,2287,87,87.29,19,73,85,0.3,6.44,107,152,116,145,302,319,285
157,624512,"McGuire, Reese",157,100,0.073,0.073,0.069,0.146,0.091,0.123,0.115,3,41,76.5,-4.8,2262,88.2,88.43,18,86,71,0.2,6.47,110,151,111,149,284,321,298
155,572008,"Owings, Chris",155,100,0.268,0.171,0.321,0.439,0.326,0.253,0.207,11,41,86.9,18,2287,88.8,89.01,29,84,71,0.2,6.16,107,151,110,147,305,325,290
153,621500,"Mathisen, Wyatt",153,100,0.222,0.222,0.308,0.444,0.355,0.332,0.192,6,27,87,22.1,2233,88.9,88.79,20,59,94,-0.1,6.37,108,153,121,146,299,322,291
152,622168,"Muñoz, Yairo",152,100,0.333,0.178,0.424,0.511,0.358,0.29,0.276,15,45,89.2,12.9,2222,87.7,87.22,37,105,47,-0.5,6.5,102,149,115,146,293,317,290
152,641505,"Davis, Jonathan",152,100,0.259,0.185,0.375,0.444,0.35,0.35,0.221,7,27,95.9,12.8,2294,88.9,88.73,21,70,82,-0.2,6.19,99,152,108,144,300,315,282
150,523253,"Forsythe, Logan",150,100,0.118,0.118,0.143,0.235,0.205,0.301,0.193,4,34,89.6,13.8,2257,88.3,88.54,19,50,100,0.2,6.48,108,151,120,146,304,316,285
150,641513,"Demeritte, Travis",150,100,0.172,0.034,0.333,0.207,0.23,0.283,0.211,5,29,92.1,13.5,2382,86,86.09,26,53,97,0.1,6.27,105,150,116,145,301,322,289
149,608701,"Refsnyder, Rob",149,100,0.2,0.033,0.3,0.233,0.229,0.257,0.205,6,30,93,14.9,2156,87.5,87.43,22,77,72,-0.1,6.26,111,151,118,148,301,325,281
145,670370,"Young, Andy",145,100,0.192,0.192,0.267,0.385,0.35,0.361,0.22,5,26,85.8,1.9,2356,89.2,88.81,32,63,82,-0.4,6.09,109,153,117,147,303,325,295
144,641680,"Heim, Jonah",144,100,0.211,0,0.229,0.211,0.223,0.295,0.24,8,38,86,14.9,2245,90.2,90.05,7,64,80,-0.1,6.16,114,163,123,149,292,321,302
142,664029,"Mathias, Mark",142,100,0.278,0.083,0.345,0.361,0.275,0.265,0.258,10,36,83,18.4,2348,88.3,88.46,15,61,81,0.2,6.3,107,152,119,149,301,317,286
141,519306,"Souza Jr., Steven",141,100,0.148,0.185,0.273,0.333,0.262,0.214,0.113,4,27,87.2,31.8,2378,86.5,86.09,27,62,79,-0.4,6.3,105,151,118,144,300,326,296
139,669087,"Huff, Sam",139,100,0.355,0.387,0.471,0.742,0.469,0.426,0.338,11,31,95.7,12.7,2278,87.6,87.05,24,59,80,-0.5,5.93,110,152,124,147,311,330,302
137,502273,"Freeman, Mike",137,100,0.237,0.079,0.321,0.316,0.275,0.254,0.21,9,38,83.2,17.6,2239,86.9,87.15,24,78,59,0.3,6.33,111,148,105,148,284,318,294
135,493316,"Céspedes, Yoenis",135,100,0.161,0.226,0.214,0.387,0.267,0.304,0.215,5,31,86,17.4,2265,87.8,88.04,22,66,69,0.2,6.34,104,150,119,147,304,328,294
133,621453,"Duggar, Steven",133,100,0.176,0.059,0.261,0.235,0.206,0.24,0.207,6,34,84.2,6.5,2265,89.2,89.14,11,56,77,-0.1,5.95,114,148,104,151,292,324,309
132,546991,"Almora Jr., Albert",132,100,0.167,0.033,0.238,0.2,0.223,0.211,0.158,5,30,85.3,11.7,2348,86.9,87.21,20,61,71,0.3,6.33,106,147,112,143,294,313,278
130,489149,"Morrison, Logan",130,100,0.12,0.16,0.125,0.28,0.221,0.269,0.177,3,25,87.1,12.9,2334,88.4,88.54,18,58,72,0.1,6.36,120,167,139,153,297,319,301
128,664119,"Allen, Austin",128,100,0.194,0.129,0.313,0.323,0.233,0.168,0.149,6,31,86.2,29.3,2204,89.3,89.37,24,65,63,0.1,6.33,117,162,122,154,294,322,298
128,545350,"Marisnick, Jake",128,100,0.333,0.273,0.429,0.606,0.402,0.231,0.208,11,33,87.1,7.1,2280,88,88.17,22,69,59,0.2,6.4,103,151,111,146,302,323,288
126,628338,"Heredia, Guillermo",126,100,0.212,0.182,0.227,0.394,0.291,0.348,0.267,7,33,85.9,22,2258,88.1,88.52,12,60,66,0.4,6.58,106,149,105,145,298,314,281
125,660821,"Sánchez, Jesús",125,100,0.04,0.04,0.071,0.08,0.139,0.246,0.154,1,25,95.5,7.8,2196,88.6,88.79,17,68,57,0.2,6.35,109,148,111,146,295,318,301
122,656185,"Allen, Greg",122,100,0.154,0.154,0.188,0.308,0.267,0.3,0.196,4,26,82.9,22.7,2347,87.6,87.65,22,57,65,0,6.31,105,143,100,146,287,314,287
122,592407,"Holaday, Bryan",122,100,0.161,0.032,0.227,0.194,0.187,0.217,0.19,5,31,86.1,21.3,2245,89.3,89.64,14,53,69,0.3,6.53,108,152,120,145,299,317,282
121,628450,"Hernandez, Yadiel",121,100,0.192,0.231,0.286,0.423,0.26,0.224,0.179,5,26,88.3,6.5,2094,89.6,90.05,23,71,50,0.5,6.56,112,148,112,149,290,317,306
120,641584,"Fraley, Jake",120,100,0.154,0.115,0.267,0.269,0.231,0.199,0.136,4,26,82.6,28.2,2216,89,88.7,16,51,69,-0.3,6.17,116,159,122,152,287,317,304
118,456124,"Kratz, Erik",118,100,0.321,0.071,0.409,0.393,0.335,0.294,0.272,9,28,84.8,0.7,2245,86.5,86.46,16,60,58,0,6.29,106,151,120,146,308,316,283
117,571740,"Hamilton, Billy",117,100,0.125,0.094,0.12,0.219,0.172,0.236,0.199,4,32,80,24.8,2193,88.7,88.64,15,72,45,-0.1,6.25,101,141,97,142,276,314,289
117,623323,"Bishop, Braden",117,100,0.167,0.067,0.25,0.233,0.22,0.21,0.154,5,30,84.1,7.4,2351,87.9,87.61,19,60,57,-0.3,6.14,104,152,108,146,300,317,285
113,622761,"Mateo, Jorge",113,100,0.154,0.115,0.267,0.269,0.196,0.259,0.236,4,26,89.2,24.8,2286,87.4,87.47,20,57,56,0.1,6.31,102,150,110,144,304,325,294
110,642136,"Thaiss, Matt",110,100,0.143,0.143,0.167,0.286,0.262,0.239,0.135,3,21,88.1,8.8,2260,87.9,80.44,17,53,57,-7.5,6.08,115,157,111,152,293,319,301
108,602104,"Urías, Ramón",108,100,0.36,0.2,0.444,0.56,0.413,0.392,0.343,9,25,90.9,6.8,2154,87.4,87.48,13,46,62,0.1,6.27,109,150,115,144,288,316,283
108,546990,"Alford, Anthony",108,100,0.214,0.286,0.222,0.5,0.306,0.228,0.176,6,28,81.3,4.2,2341,87.1,87.08,25,56,52,0,6.25,104,148,110,146,309,320,285
103,607333,"Taylor, Beau",103,100,0.048,0,0.083,0.048,0.099,0.165,0.117,1,21,82.6,9.9,2263,89.4,89.47,20,46,57,0.1,6.22,112,148,113,149,283,316,293
99,570560,"Sánchez, Yolmer",99,100,0.313,0.375,0.4,0.688,0.48,0.393,0.241,5,16,90.8,12.4,2312,89.7,89.59,8,31,68,-0.1,6.29,108,147,104,148,282,317,300
98,474568,"Mercer, Jordy",98,100,0.2,0,0.222,0.2,0.224,0.256,0.223,4,20,80.7,10.8,2317,89.7,90.11,7,36,62,0.4,6.48,113,152,120,145,302,318,279
97,656371,"Díaz, Isan",97,100,0.182,0,0.267,0.182,0.16,0.261,0.263,4,22,85.9,9.6,2085,88,88.21,11,34,63,0.2,6.5,113,146,111,150,299,325,295
97,622100,"Jones, Taylor",97,100,0.19,0.19,0.231,0.381,0.258,0.277,0.201,4,21,91.9,15.5,2236,87.8,87.78,16,53,44,0,6.12,111,150,121,144,310,332,303
96,547170,"Delmonico, Nicky",96,100,0.15,0,0.167,0.15,0.184,0.203,0.152,3,20,76.7,15.3,2092,88.3,88.59,4,51,45,0.3,6.22,116,166,116,152,294,322,302
94,620439,"Barreto, Franklin",94,100,0.074,0,0.167,0.074,0.089,0.142,0.125,2,27,83.9,27.3,2259,87.3,86.78,27,48,46,-0.5,5.95,108,152,115,148,303,323,293
93,650619,"Viloria, Meibrys",93,100,0.19,0.048,0.333,0.238,0.25,0.195,0.117,4,21,82.9,3.3,2341,88.5,88.66,14,39,54,0.2,6.28,114,154,113,151,289,324,300
92,665947,"Apostel, Sherten",92,100,0.1,0.05,0.182,0.15,0.134,0.153,0.126,2,20,88.8,-10.6,2213,85.3,84.74,23,46,46,-0.6,6.04,109,153,124,148,313,328,298
91,621512,"Nido, Tomás",91,100,0.292,0.292,0.313,0.583,0.389,0.322,0.244,7,24,88.8,-3.9,2241,87,87.13,16,49,42,0.1,6.31,103,149,118,146,308,323,286
90,621002,"Robertson, Daniel",90,100,0.333,0,0.467,0.333,0.345,0.335,0.284,7,21,82.1,-9.7,2248,88,88.06,12,40,50,0.1,6.17,107,149,116,144,304,329,301
90,670084,"Heath, Nick",90,100,0.154,0.077,0.286,0.231,0.265,0.325,0.242,2,13,80.8,-8.6,2367,90,90.19,12,34,56,0.2,6.31,105,141,107,145,280,315,297
89,663886,"Stephenson, Tyler",89,100,0.294,0.353,0.5,0.647,0.437,0.324,0.204,5,17,89.5,16.5,2381,88,87.89,8,30,59,-0.1,6.15,105,146,113,141,295,323,294
85,667670,"Rooker, Brent",85,100,0.316,0.263,0.385,0.579,0.408,0.392,0.301,6,19,89.1,5.4,2240,88.8,88.98,12,44,41,0.2,6.31,109,153,121,142,304,325,291
85,672386,"Kirk, Alejandro",85,100,0.375,0.208,0.421,0.583,0.418,0.344,0.313,9,24,95,5.8,2269,89.8,89.8,8,37,48,0,6.24,113,152,123,149,300,314,282
85,606992,"Haase, Eric",85,100,0.176,0,0.25,0.176,0.176,0.296,0.25,3,17,83.7,18.8,2424,87.9,88.31,15,38,47,0.4,6.47,111,153,121,146,301,331,289
83,594694,"Difo, Wilmer",83,100,0.071,0,0.091,0.071,0.166,0.294,0.217,1,14,88,20.7,2266,87.9,88.02,10,42,41,0.1,6.31,104,146,110,148,300,317,292
83,592622,"Payton, Mark",83,100,0.167,0.056,0.231,0.222,0.22,0.193,0.117,3,18,84.1,19.6,2344,87.7,88.04,14,45,38,0.3,6.4,107,144,112,152,286,319,299
82,605196,"Cron, Kevin",82,100,0,0,0,0,0.108,0.206,0.109,0,17,86.9,37.9,2162,86.6,86.46,16,42,40,-0.1,6.28,105,154,126,145,306,331,306
82,518568,"Colón, Christian",82,100,0.13,0.043,0.15,0.174,0.154,0.181,0.163,3,23,76,6.1,2266,88.4,88.73,1,42,40,0.3,6.39,110,152,113,145,295,316,281
82,663898,"Rodgers, Brendan",82,100,0.095,0.048,0.133,0.143,0.101,0.124,0.134,2,21,83,-5.1,2422,87.9,87.73,15,49,33,-0.2,6.11,111,153,121,149,313,326,293
79,641470,"Collins, Zack",79,100,0.063,0.063,0.091,0.125,0.146,0.263,0.155,1,16,93,22,2229,87.4,87.71,14,33,46,0.3,6.45,114,165,128,148,291,319,302
78,642772,"Basabe, Luis Alexander",78,100,0.143,0,0.222,0.143,0.253,0.281,0.17,2,14,82.6,16.6,2217,89.7,89.53,12,34,44,-0.2,6.04,114,151,114,150,297,323,296
77,664247,"Garlick, Kyle",77,100,0.136,0.045,0.2,0.182,0.162,0.234,0.227,3,22,89.2,17.5,2202,87,87.19,10,31,46,0.2,6.36,103,149,116,143,298,323,292
77,666160,"Moniak, Mickey",77,100,0.214,0,0.375,0.214,0.302,0.338,0.244,3,14,88.2,-8.3,2180,88,86.74,16,32,45,-1.3,6.2,115,151,135,138,282,311,292
77,621529,"Hudson, Joe",77,100,0.176,0,0.25,0.176,0.213,0.189,0.132,3,17,78.1,32.1,2382,88,87.43,6,28,49,-0.6,5.95,111,149,117,145,302,314,287
76,608671,"Jankowski, Travis",76,100,0.067,0,0.125,0.067,0.134,0.198,0.139,1,15,80.8,-12.9,2333,89.9,90.29,9,28,48,0.4,6.47,108,146,100,144,281,315,299
74,642727,"Alcántara, Sergio",74,100,0.143,0.238,0.125,0.381,0.253,0.196,0.141,3,21,84.2,21.8,2317,88.6,88.74,3,28,46,0.1,6.29,109,149,105,148,287,318,298
73,456715,"Cain, Lorenzo",73,100,0.333,0.056,0.375,0.389,0.352,0.419,0.379,6,18,89,-3.7,2273,89.7,89.92,6,27,46,0.2,6.38,106,148,114,147,306,316,293
70,572033,"Phegley, Josh",70,100,0.063,0.188,0,0.25,0.189,0.238,0.132,1,16,81,15.5,2221,87.3,87.77,6,30,40,0.5,6.5,114,153,119,147,297,318,290
69,592863,"Williams, Mason",69,100,0.111,0.111,0.222,0.222,0.136,0.182,0.178,2,18,84.3,-4.8,2267,89.8,89.75,17,41,28,-0.1,6.35,109,145,104,148,279,310,297
68,621011,"Schrock, Max",68,100,0.176,0.176,0.2,0.353,0.22,0.203,0.183,3,17,81.4,24.7,2357,89.8,90.14,6,37,31,0.3,6.49,114,146,106,151,288,320,301
68,669738,"Noll, Jake",68,100,0.353,0.059,0.462,0.412,0.332,0.255,0.27,6,17,90.2,13.7,2154,87.4,87.71,10,43,25,0.3,6.55,104,148,116,146,298,312,295
65,668800,"Knizner, Andrew",65,100,0.25,0.063,0.333,0.313,0.228,0.298,0.262,4,16,94.3,-3.8,2293,88.8,89.13,11,38,27,0.3,6.41,104,150,114,147,298,321,286
64,625510,"Mejia, Erick",64,100,0.071,0.071,0.143,0.143,0.088,0.076,0.079,1,14,69.1,19.6,2339,87.9,88.08,8,29,35,0.2,6.34,108,149,113,145,286,319,285
64,671250,"Oña, Jorge",64,100,0.25,0.333,0.5,0.583,0.415,0.367,0.206,3,12,78.3,7.2,2364,90.5,90.47,17,31,33,0,6.32,116,151,119,146,298,322,290
57,666931,"Oliva, Jared",57,100,0.188,0,0.3,0.188,0.165,0.206,0.211,3,16,93.2,12.8,2388,86.8,86.95,10,27,30,0.1,6.31,112,152,115,147,306,322,281
57,642721,"Gutierrez, Kelvin",57,100,0.111,0,0.333,0.111,0.248,0.292,0.153,1,9,87.1,6,2373,86.1,86.33,9,20,37,0.2,6.33,109,147,121,143,303,322,284
55,644374,"Chang, Yu",55,100,0.182,0,0.286,0.182,0.243,0.273,0.209,2,11,81.4,-2.6,2247,89.8,90.26,5,26,29,0.5,6.45,111,149,118,144,296,318,290
52,641525,"Dixon, Brandon",52,100,0.077,0.077,0.111,0.154,0.138,0.25,0.174,1,13,90.6,14.3,2280,86.9,87.22,5,17,35,0.3,6.42,104,153,123,143,308,338,292
51,641829,"Martin, Jason",51,100,0,0,0,0,0.127,0.168,0.049,0,9,76.5,22.4,2448,88.8,88.9,11,24,27,0.1,6.29,109,147,113,152,290,319,296
50,622268,"Walton, Donovan",50,100,0.154,0.077,0.25,0.231,0.201,0.216,0.144,2,13,81.2,4,2173,86.5,86.13,12,28,22,-0.4,6.07,110,145,110,149,297,318,302
50,446481,"Rodríguez, Sean",50,100,0.154,0,0.286,0.154,0.136,0.121,0.121,2,13,92.2,14.7,2266,87.4,87.48,11,25,25,0.1,6.51,108,150,115,145,299,307,293
50,664041,"Davis, Jaylin",50,100,0.167,0.25,0.2,0.417,0.239,0.252,0.2,2,12,102,19.3,2353,88.9,88.65,12,27,23,-0.3,5.93,109,154,116,147,305,322,295
50,572821,"Dozier, Brian",50,100,0.133,0,0.2,0.133,0.154,0.262,0.218,2,15,88,32.9,2147,86.6,86.71,2,19,31,0.1,6.32,104,147,119,142,300,320,292
49,669288,"Johnson, Daniel",49,100,0.083,0,0.143,0.083,0.074,0.189,0.155,1,12,87.8,22.7,2453,89.1,89.23,12,28,21,0.1,6.28,119,153,108,151,288,318,293
49,656537,"Hill, Derek",49,100,0.091,0,0.2,0.091,0.132,0.159,0.105,1,11,96.6,8.8,2367,89.2,89.44,9,22,27,0.2,6.38,105,152,118,147,298,319,281
46,608475,"Lugo, Dawel",46,100,0.2,0,0.222,0.2,0.224,0.248,0.184,2,10,88.7,7.9,2315,86.4,86.69,4,18,28,0.3,6.52,114,152,122,148,307,323,281
45,608703,"Reynolds, Matt",45,100,0,0,0,0,0,0.061,0.063,0,11,81.5,2,2492,88.3,88.78,6,20,25,0.5,6.41,108,152,119,150,298,310,267
44,543432,"Lavarnway, Ryan",44,100,0.364,0,0.444,0.364,0.321,0.284,0.305,4,11,84.9,12.6,2398,90.2,90.88,2,21,23,0.7,6.71,113,151,123,146,305,317,287
43,623912,"Ramirez, Harold",43,100,0.2,0,0.25,0.2,0.224,0.225,0.18,2,10,81,10.5,2210,89.4,90.28,7,24,19,0.9,6.91,108,152,120,149,307,324,282
41,645305,"Sánchez, Ali",41,100,0.111,0,0.167,0.111,0.158,0.111,0.047,1,9,87.1,16,2268,89.5,89.88,10,23,18,0.4,6.66,106,149,118,148,296,308,276
41,553902,"Astudillo, Willians",41,100,0.25,0.25,0.231,0.5,0.311,0.247,0.245,4,16,87.2,30.6,2240,88.7,88.75,5,29,12,0,6.29,107,152,120,146,298,320,287
40,572365,"Goins, Ryan",40,100,0,0,0,0,0.07,0.318,0.202,0,9,92.1,19.5,2195,88.9,88.98,1,14,26,0.1,6.42,115,148,104,151,280,322,300
40,501659,"Almonte, Abraham",40,100,0.091,0,0.143,0.091,0.175,0.203,0.119,1,11,81.9,3.6,2386,92.3,92.11,5,21,19,-0.2,6.3,116,152,103,152,290,323,295
39,663411,"McCarthy, Joe",39,100,0,0,0,0,0,0.026,0.027,0,10,77.9,27,2212,88,87.69,8,20,19,-0.3,6.05,126,169,146,146,286,319,302
37,543376,"Joseph, Caleb",37,100,0.125,0.375,0,0.5,0.298,0.36,0.287,1,8,83.4,12.4,2337,86.1,86.05,0,12,25,-0.1,6.24,104,151,118,145,288,317,287
37,621573,"Dean, Austin",37,100,0.25,0.25,0.5,0.5,0.476,0.433,0.19,1,4,99.7,27,2586,89.3,89.24,5,14,23,-0.1,6.24,112,151,121,147,307,318,293
36,661388,"Contreras, William",36,100,0.4,0.1,0.667,0.5,0.388,0.342,0.322,4,10,84.6,18,2212,91.5,92.12,9,22,14,0.6,6.7,108,152,116,147,291,311,292
35,527049,"Puello, César",35,100,0.375,0,0.5,0.375,0.404,0.318,0.234,3,8,82.8,-21.7,2378,88.9,88.81,2,14,21,-0.1,6.27,108,152,117,149,289,320,298
35,670541,"Alvarez, Yordan",35,100,0.25,0.375,0.167,0.625,0.399,0.361,0.278,2,8,98.6,6.3,2194,87.5,85.41,2,14,21,-2.1,6.51,113,170,143,151,277,342,309
34,599096,"Herrera, Dilson",34,100,0,0,0,0,0.121,0.121,0,0,5,96.3,56,2538,89.8,89.92,5,18,16,0.1,6.44,102,142,116,139,295,313,279
33,641477,"Cordell, Ryan",33,100,0.125,0,0.2,0.125,0.11,0.178,0.176,1,8,99.6,12.2,2343,85.6,86.04,3,13,20,0.4,6.63,110,151,118,148,307,321,296
33,665561,"Marchan, Rafael",33,100,0.5,0.375,0.6,0.875,0.592,0.492,0.421,4,8,92.2,10.7,2166,89.6,89.43,6,18,14,-0.2,6.2,102,147,117,147,271,303,289
33,666969,"Garcia, Adolis",33,100,0,0,0,0,0.1,0.125,0.029,0,6,74.4,9,2349,88,85.23,6,13,20,-2.8,6.15,92,146,120,147,308,326,294
32,656716,"McKinstry, Zach",32,100,0.286,0.143,0.5,0.429,0.303,0.257,0.268,2,7,85.2,-6.3,2281,91.9,92.32,6,16,16,0.4,6.13,111,147,122,151,301,330,316
30,660688,"Ruiz, Keibert",30,100,0.25,0.375,0.25,0.625,0.358,0.349,0.242,2,8,87.5,24.4,2284,88.3,88.09,3,14,16,-0.2,6.05,121,154,115,153,294,325,301
30,518586,"Culberson, Charlie",30,100,0.143,0.143,0.333,0.286,0.177,0.218,0.149,1,7,99.5,11.7,2140,85.8,86.31,8,18,12,0.5,6.6,111,152,114,149,300,313,285
29,641684,"Hermosillo, Michael",29,100,0.25,0,0.25,0.25,0.246,0.185,0.099,2,8,80,23.3,2236,87.7,87.63,2,14,15,-0.1,6.11,101,147,109,145,290,307,286
29,657434,"O'Grady, Brian",29,100,0.4,0.2,0.5,0.6,0.424,0.365,0.35,2,5,92.8,14,2365,89.3,89.16,3,17,12,-0.1,6.27,115,155,135,151,295,312,288
26,656577,"Jackson, Alex",26,100,0.286,0.143,0.667,0.429,0.303,0.212,0.218,2,7,79.4,9.7,2259,89.2,89.76,8,13,13,0.6,6.6,111,150,115,146,292,313,292
24,663330,"Jones, Jahmai",24,100,0.429,0,0.6,0.429,0.378,0.323,0.33,3,7,88.5,-1.8,2365,92.2,91.93,4,14,10,-0.3,6.02,117,156,117,150,304,318,292
24,519303,"Soto, Elliot",24,100,0.333,0.167,0.4,0.5,0.403,0.261,0.189,2,6,87.3,-3.6,2617,91.6,91.33,6,12,12,-0.3,6.06,105,155,115,149,300,316,290
24,596117,"Stubbs, Garrett",24,100,0.125,0,0.111,0.125,0.098,0.229,0.248,1,8,79,-0.1,2158,87.5,87.36,4,16,8,-0.1,6.13,106,138,97,140,297,320,305
22,643269,"Craig, Will",22,100,0,0,0,0,0,0.305,0.208,0,4,91.6,8,2269,87.2,87.42,4,13,9,0.2,6.28,103,152,116,149,307,329,300
21,593993,"Briceño, José",21,100,0.2,0,0.25,0.2,0.264,0.355,0.284,1,5,76.1,-1.3,2413,86,85.15,4,10,11,-0.8,5.81,116,155,121,152,299,318,293
21,572073,"Rickard, Joey",21,100,0,0,0,0,0.117,0.159,0.055,0,5,86.2,3.8,2317,88.7,60.53,1,10,11,-28.2,6.43,106,154,101,145,303,324,295
21,664913,"Brown, Seth",21,100,0,0,0,0,0,0.247,0.134,0,5,89,25,2346,91,91.43,5,9,12,0.4,6.43,126,167,119,155,293,320,297
21,461865,"Romine, Andrew",21,100,0.25,0.25,0.333,0.5,0.31,0.351,0.348,1,4,84,24.3,2334,91,90.48,2,13,8,-0.5,5.86,121,152,112,152,267,313,299
20,592387,"Healy, Ryon",20,100,0.143,0,0.2,0.143,0.126,0.196,0.123,1,7,81.1,13.6,2008,86.4,86.41,3,10,10,0,6.25,116,153,126,148,305,314,299
20,620453,"Grullón, Deivy",20,100,0.333,0,0.5,0.333,0.395,0.332,0.233,1,3,73.7,51,2442,91.2,91.07,3,10,10,-0.1,6.27,109,152,124,150,309,326,288
20,642211,"Williams, Justin",20,100,0.2,0,0.333,0.2,0.264,0.245,0.155,1,5,85.5,10.3,2521,87.3,86.99,4,10,10,-0.3,6.14,120,150,125,151,294,313,299
20,644337,"Orf, Nate",20,100,0,0,0,0,0,0.258,0.249,0,7,81.4,16.7,2398,87.6,87.7,1,7,13,0.1,6.44,111,155,113,148,288,314,290
19,425784,"Rivera, René",19,100,0.25,0,1,0.25,0.221,0.214,0.22,1,4,103.9,12,2173,89.2,89.84,3,9,10,0.6,6.56,111,151,120,146,290,316,287
19,592680,"Rivera, Yadiel",19,100,0,0,0,0,0,0.217,0.201,0,5,91.4,5,2139,88.8,89.3,5,13,6,0.5,6.65,111,152,122,148,307,324,279
19,541650,"Pérez, Hernán",19,100,0.167,0,0.25,0.167,0.147,0.396,0.408,1,6,91.9,6.5,2210,87.8,87.75,5,11,8,0,6.16,117,154,116,150,298,318,296
18,669134,"Campusano, Luis",18,100,0.333,1,null,1.333,0.677,0.346,0.171,1,3,101.1,22,2368,88.8,87.69,3,8,10,-1.1,5.71,107,141,124,139,296,317,296
15,640459,"Navarreto, Brian",15,100,0.4,0,0.5,0.4,0.353,0.351,0.365,2,5,92.8,33,2280,85.9,85.92,2,9,6,0,6.27,115,154,121,147,305,322,292
15,591720,"Torreyes, Ronald",15,100,0.143,0.143,0.143,0.286,0.177,0.305,0.276,1,7,92.1,6.3,2161,85,84.63,1,9,6,-0.4,6.1,93,149,105,146,297,315,283
15,665506,"Pache, Cristian",15,100,0.25,0,0.5,0.25,0.221,0.082,0.09,1,4,76.5,-6,2152,89,89.18,2,6,9,0.2,6.42,100,152,116,146,302,324,295
15,664314,"Florial, Estevan",15,100,0.333,0,1,0.333,0.294,0.304,0.322,1,3,75.5,20,1713,90.4,90.77,6,9,6,0.4,6.49,117,150,111,146,290,309,285
14,466988,"Bonifácio, Emilio",14,100,0,0,0,0,0,0.014,0.016,0,3,52.8,54,2133,85.4,85.82,2,7,7,0.4,6.51,112,144,93,142,283,308,299
14,596056,"Nogowski, John",14,100,0.25,0,0.333,0.25,0.221,0.166,0.179,1,4,95.9,22.3,1975,88,88.19,1,4,10,0.2,6.22,105,152,115,145,299,323,300
14,572180,"Susac, Andrew",14,100,0,0,0,0,0.35,0.376,0.057,0,2,79.3,45,2240,87.9,88.62,0,3,11,0.7,6.59,101,140,115,139,295,311,283
13,663905,"Blankenhorn, Travis",13,100,0.333,0.333,0.333,0.667,0.492,0.437,0.251,1,3,89.3,41.3,2087,88.3,87.8,1,9,4,-0.5,6.07,123,145,125,154,291,324,296
10,591712,"Hernández, Oscar",10,100,0.5,0,0.667,0.5,0.441,0.319,0.321,2,4,91.9,6.3,2188,90.9,91.34,1,4,6,0.4,6.39,102,150,118,142,292,328,288
10,641856,"McKinney, Billy",10,100,0.667,0,0.667,0.667,0.588,0.442,0.458,2,3,89.1,23.7,2365,91.5,91.93,3,6,4,0.4,6.49,108,144,105,148,296,325,290
7,542963,"Brantly, Rob",7,100,0,0,0,0,0,0.15,0.162,0,3,79.4,28.3,2138,88.6,87.91,0,3,4,-0.7,5.89,113,169,118,138,287,317,302
7,621550,"Wisdom, Patrick",7,100,0,0,0,0,0,0.007,0.007,0,2,87.9,48,2251,88.9,87.8,1,3,4,-1.1,5.47,111,149,117,149,292,329,299
6,606213,"Mercedes, Yermín",6,100,0,0,0,0,0,0.258,0.287,0,1,90.9,0,2272,89.6,90.23,0,2,4,0.6,6.42,108,159,119,146,299,332,299
5,670768,"González, Luis",5,100,0,0,null,0,0.364,0.364,null,0,1,null,null,2677,93.1,93.42,1,1,4,0.3,6.74,105,139,98,147,281,324,300
4,621219,"Mills, Alec",4,100,0,0,null,0,0,0,null,0,1,null,null,1933,90.5,91.7,0,0,4,1.2,6.83,116,133,113,140,283,294,262
4,456488,"Núñez, Eduardo",4,100,0.5,0,0.5,0.5,0.441,0.128,0.135,1,2,73.6,-11,2245,92.8,93.35,1,3,1,0.6,6.58,113,153,121,144,299,328,290
3,547179,"Lorenzen, Michael",3,100,null,null,null,null,0.728,0.728,null,0,0,null,null,2141,92.7,92.97,0,0,3,0.3,6.27,117,154,113,146,296,323,293
3,594988,"Schebler, Scott",3,100,0,0,0,0,0,0.066,0.07,0,1,78,-31,2031,88.2,89.53,1,2,1,1.3,7.17,121,175,114,155,303,318,305
3,657612,"Hill, Tim",3,100,0,0,null,0,0,0,null,0,1,null,null,2338,90.2,91.27,0,0,3,1.1,6.6,125,167,108,155,279,305,272
3,596144,"Cuthbert, Cheslor",3,100,0,0,0,0,0,0.15,0.167,0,1,58.5,48,2126,85.9,87.77,0,1,2,1.9,7.07,113,154,113,146,302,349,293
3,613534,"Adams, Austin",3,100,0,0,null,0,0,0,null,0,1,null,null,2236,92.1,92.07,0,0,3,0,6.23,85,134,83,140,296,299,263
1,664334,"Whitefield, Aaron",1,100,0,0,0,0,0,0.084,0.093,0,1,88.3,-16,2628,97.8,98.8,0,1,0,1,6.7,104,148,89,145,302,315,289
